date,yhat,yhat_lower,yhat_upper,trend,actual
2016-04-01,-28.77762046847251,-1037.3656175399576,1038.6993581964766,-29.028139961668,0.0
2016-05-01,-15.219350807756284,-1126.006679763332,1052.9162297046055,-14.959698599255544,0.0
2016-06-01,-0.4146532791380468,-1043.5329443897717,1049.8566299995584,-0.42230919142933804,0.0
2016-07-01,13.675886128165542,-1077.2133107512514,1075.4921069837,13.646132170983119,0.09
2016-08-01,28.425012812591106,-1000.20494035909,1062.619962841484,28.183521578809327,0.09
2016-09-01,41.82204158556382,-990.7458180376735,1040.0366906728452,42.72091098663554,0.09
2016-10-01,59.13256250757708,-970.5479150089508,1105.627558035506,56.789352349047995,0.1
2016-11-01,69.73420756025001,-936.1031900933284,1151.7466796211068,71.3267417568742,0.29
2016-12-01,88.38025017072637,-960.5563684693119,1189.4420726634798,85.39518311928666,1.99
2017-01-01,103.34494111661036,-1012.219974216758,1143.3747048450234,99.93257252711287,4.46
2017-02-01,109.28985637458543,-985.5430908491622,1172.5991193634948,114.46996193493908,4.38
2017-03-01,132.674229960428,-940.8749116485644,1208.4253973296575,127.60050720652403,6.37
2017-04-01,142.89652073572844,-908.9016087285204,1176.877368392954,142.13789661435027,7.2
2017-05-01,157.2179531998975,-872.6875179126058,1271.8139337070093,156.2063379767627,9.36
2017-06-01,165.78508343024683,-858.4229454245913,1278.4508634542108,170.7437273845889,10.35
2017-07-01,184.99386506297088,-866.011864784967,1220.148593224806,184.81216874700135,11.63
2017-08-01,202.07507743871545,-834.2588784336695,1214.937141355372,199.34955815482755,16.8
2017-09-01,210.671656169089,-806.6922165943995,1183.1451793599495,213.88694756265375,30.98
2017-10-01,236.58838287618093,-869.015714156809,1268.539783563128,227.95538892506622,76.96
2017-11-01,239.07992390303713,-879.2421518819474,1370.0775743443255,242.4927783328924,105.02
2017-12-01,264.7151165092873,-763.6460389127324,1308.2230657150615,256.5612196953049,145.64
2018-01-01,276.8619627780097,-808.9282638790074,1307.2114924960943,271.0986091031311,151.83
2018-02-01,267.43923951536385,-780.3387416530304,1309.8489232389582,281.6629261747472,171.4
2018-03-01,306.44390836864227,-687.7883411136328,1371.949722658751,291.2048899813682,178.05
2018-04-01,307.48749845371964,-732.264377504539,1393.4164619017836,301.7692070529843,190.08
2018-05-01,310.4906597850103,-765.3152041765434,1328.0925093022277,311.99273970293535,189.48
2018-06-01,309.6971407439078,-760.3346599142727,1307.2622551364946,322.5570567745514,246.37
2018-07-01,332.80772133645166,-695.7055389948322,1485.3653943134136,332.7805894245025,273.75
2018-08-01,349.8521339343155,-700.5782862326721,1367.744258492835,343.34490649611865,312.02
2018-09-01,350.702866647989,-695.5431964546398,1401.5069258453325,353.9092235677347,405.87
2018-10-01,376.6706317203761,-701.575203137696,1416.6070647882907,364.1327562176858,482.36
2018-11-01,372.48273007860064,-701.295885705555,1373.357125115293,374.6970732893019,524.94
2018-12-01,395.812904876704,-655.0284919921762,1503.3070363204567,384.920605939253,620.17
2019-01-01,398.79917737203345,-626.4966743050534,1473.6538944483038,395.4849230108691,672.75
2019-02-01,383.5865309679744,-587.2719930267505,1432.6627489334096,406.0492400824852,674.19
2019-03-01,442.6267773564021,-600.5257623718312,1459.7842551478293,415.5912038891062,799.54
2019-04-01,439.8728624604617,-674.297428607136,1561.3924843714838,426.15552096072224,781.79
2019-05-01,429.17811528371374,-662.1044461610825,1470.4857008550282,436.37905361067345,733.54
2019-06-01,424.33095600621897,-622.1105268120532,1468.7906050119293,446.94337068228947,754.54
2019-07-01,456.9283227689879,-639.0668801547084,1431.6917583287243,457.1669033322405,822.29
2019-08-01,479.14490424635255,-588.5973423029076,1532.5542133530348,467.73122040385664,918.35
2019-09-01,476.79819819592836,-554.0824777412067,1601.0197365161096,478.29553747547277,955.02
2019-10-01,503.635386732431,-455.22941175826054,1632.4977974032329,488.5190701254238,1148.36
2019-11-01,500.1603929359833,-501.69120574670205,1551.5292977455895,499.08338719703994,1218.77
2019-12-01,521.790307591615,-444.20419219192786,1540.2088167245881,509.306919846991,1308.4
2020-01-01,517.5463247022242,-498.6833388746658,1546.5295442494132,519.8712369186071,1305.02
2020-02-01,498.7634799698927,-490.1415621533808,1576.4432191330718,530.4355539902232,1325.69
2020-03-01,555.1056192543731,-471.7634544034408,1678.0286888983583,540.3183022185092,1246.84
2020-04-01,1104.7042123572064,44.72367447589878,2134.5907566862693,550.8826192901254,999.57
2020-05-01,1129.4209845737682,134.8012348848798,2133.9063539527738,561.1061519400764,1234.5
2020-06-01,561.3068324650029,-478.7926757806683,1640.2416637080316,571.6704690116925,1336.93
2020-07-01,583.1627603833834,-489.90941885496665,1655.5234128667607,581.8940016616436,1497.36
2020-08-01,597.5348131647438,-366.40423668232035,1641.1077580007372,592.4583187332596,1618.83
2020-09-01,590.3347369993242,-410.8082889773935,1676.7788040952937,603.0226358048757,1800.14
2020-10-01,638.5495852427241,-363.5278748040919,1678.567921881045,613.2461684548284,2071.62
2020-11-01,909.9629058524528,-121.03369117573784,1973.7758523574144,930.7439127059152,2210.23
2020-12-01,1281.2752140051837,188.1800939284499,2304.934698940685,1237.9997942392238,2234.16
2021-01-01,1608.6126620896725,591.6106429424833,2608.4713363853175,1555.4975384903132,2302.73
2021-02-01,1788.2366865590386,785.5252055139505,2847.637915017871,1872.9952827414027,2292.9
2021-03-01,2245.6453200285764,1186.9920262465446,3246.546797408587,2159.7674388391592,2731.68
2021-04-01,2490.4869428578754,1419.8117636650989,3455.574909558177,2477.265183090246,2641.06
2021-05-01,2802.554032649278,1706.0064846619873,3727.000994825075,2784.521064623557,2539.57
2021-06-01,3011.9317113948773,1967.4842692126547,4127.789009466194,3102.0188088746463,2807.51
2021-07-01,3412.62648620999,2388.795793103257,4449.2768100755175,3409.274690407957,3247.82
2021-08-01,3777.7250940547906,2798.176828493529,4726.610255729854,3726.7724346590444,3555.55
2021-09-01,3983.4740094962203,2939.904441311565,5016.32873030932,4044.270178910131,3654.3
2021-10-01,4516.324525331988,3500.2741907533614,5537.625098321245,4351.526060443444,4218.65
2021-11-01,4603.311750568778,3548.169078957064,5637.015788455068,4669.0238046945315,4186.48
2021-12-01,5134.433249448143,4012.046890129191,6224.912698124618,4976.27968622784,4566.3
2022-01-01,5406.319179434091,4338.191902352513,6432.511547383878,5293.777430478932,4617.15
2022-02-01,5327.911577934051,4264.703140880747,6366.015763699089,5611.275174730019,4527.49
2022-03-01,6206.697545214811,5140.342427822385,7219.540135305675,5898.047330827775,5405.65
2022-04-01,6333.324812450823,5299.725138016783,7371.891502593336,6215.545075078862,5583.05
2022-05-01,6491.397122231775,5423.355422225188,7536.050545292066,6522.800956612171,5955.2
2022-06-01,6567.5851915172625,5546.8766556776745,7677.101864827014,6840.298700863263,5862.75
2022-07-01,7148.137329190571,6112.452695251025,8285.659578193974,7147.554582396571,6288.4
2022-08-01,7606.533363378935,6630.511625171783,8613.327033617486,7465.052326647658,6579.63
2022-09-01,7712.041500871834,6695.972135442202,8782.296436623872,7782.55007089875,6780.8
2022-10-01,8368.355404907243,7372.647308892308,9441.590167072029,8089.805952432059,7305.42
2022-11-01,8357.619145647071,7329.295131669021,9376.262728946762,8407.303696683146,7309.45
2022-12-01,8961.160011057747,7853.818342505177,10069.34565382818,8714.559578216455,7829.49
2023-01-01,9107.748034374692,8049.051630584142,10146.737931095491,9032.057322467546,8036.89
2023-02-01,8832.336180232107,7811.424230165544,9856.198486991743,9349.555066718633,7534.76
2023-03-01,10263.201974133435,9282.987367491221,11331.023281456432,9636.32722281639,8685.3
2023-04-01,10274.224468155544,9271.434137349386,11387.167545535212,9953.824967067476,8863.26
2023-05-01,10091.756932277816,9013.787718171292,11072.387913774695,10261.08084860079,9415.19
2023-06-01,10043.371625892725,8949.288485677029,11070.21976657057,10578.578592851876,9335.06
2023-07-01,10880.153510821994,9788.89378373118,11910.44359537889,10885.834474385185,9964.61
2023-08-01,11476.718484824263,10427.084136385707,12463.665355875246,11203.332218636271,10586.02
2023-09-01,11484.763159238037,10435.431217108075,12551.512177637573,11520.829962887365,10555.69
2023-10-01,12194.084024252654,11069.787741292308,13229.210576229156,11828.085844420671,11408.79
2023-11-01,12171.793363557106,11187.421033077904,13241.399293614364,12145.58358867176,11235.29
2023-12-01,12758.065292927735,11739.832729925954,13826.026155336862,12452.839470205072,12020.23
2024-01-01,12713.227086239645,11615.791397267987,13690.310368985976,12770.33721445616,12203.02
2024-02-01,12306.366080047563,11242.12413599469,13351.827548436704,13087.834958707246,12102.67
2024-03-01,13751.162693889717,12651.240726148704,14809.120344144407,13384.84897752278,13440.0
2024-04-01,13584.092332726943,12554.596580748967,14616.278392108115,13702.346721773873,13303.99
2024-05-01,14252.764203925997,13274.832565329825,15252.810536914136,14009.602603307181,14035.84
2024-06-01,14067.368790973893,12976.030909551017,15119.198994800523,14327.10034755827,13885.14
2024-07-01,14666.26490498387,13653.141868780041,15731.881808913795,14634.356229091578,14435.55
2024-08-01,15079.969320930924,14061.658311340494,16151.974171816457,14951.853973342664,14963.05
2024-09-01,14948.076896523435,13987.786006392784,15932.096999126963,15269.35171759375,15041.75
2024-10-01,16219.320777777437,15184.958800560968,17290.93454838764,15576.607599127065,16584.97
2024-11-01,15539.232743556866,14449.900922608205,16602.48816864248,15894.10534337815,15482.02
2024-12-01,16767.6946855868,15767.451507461268,17808.683553730967,16201.361224911465,16730.01
2025-01-01,17082.923658535703,15943.262247378076,18158.95811238427,16518.858969162553,16996.0
2025-02-01,16074.461596536972,15062.99226667849,17042.085145767476,16836.35671341364,16106.19
2025-03-01,17803.98829919104,16774.420882085895,18793.152284336746,17123.128869511394,18301.51
2025-04-01,17533.71143038167,16449.71426765251,18601.52290188638,17440.62661376248,17893.42
2025-05-01,17862.82039309888,16830.029214539205,18965.596226425354,17747.882495295795,18677.46
2025-06-01,17540.735557836462,16542.907237811807,18603.617700183106,18065.38023954688,18395.01
2025-07-01,18390.69900254728,17316.05272870908,19407.989229479164,18372.636121080195,19467.95
2025-08-01,18945.666512305874,17988.30261119951,20001.81572740077,18690.13386533128,20008.31
2025-09-01,18721.89620112091,17706.371912470815,19764.255423542665,19007.63160958237,19633.43
2025-10-01,20046.369680081327,19078.957195913474,21100.01535605621,19314.88749111568,20700.92
2025-11-01,19356.078149522844,18267.914670993385,20377.99745833942,19632.38523536677,20466.98
2025-12-01,20573.352542065317,19551.56936024847,21613.850551991287,19939.641116900082,21634.67
2026-01-01,20687.790483025576,19706.543484193047,21763.472169863253,20257.138861151172,21703.44
2026-02-01,19535.638721724445,18516.502391221748,20566.38329879024,20574.63660540226,20394.18
2026-03-01,21953.105373191032,20875.301301034367,22934.934832290804,20861.408761500013,22641.11
2026-04-01,21580.23028603819,20510.876894831144,22539.655192698607,21178.9065057511,22346.8
2026-05-01,22419.30248988894,21371.812523560056,23427.564838381557,21486.16238728441,
2026-06-01,22056.21967260562,21027.585809506727,23092.993659399013,21803.660131535496,
2026-07-01,22977.732761867035,21962.690896908258,24003.458118894203,22110.916013068814,
2026-08-01,23467.65467592011,22311.6938880547,24496.965692905724,22428.4137573199,
2026-09-01,23156.028987910107,22091.88880014728,24243.673591890896,22745.91150157099,
2026-10-01,24345.49357430004,23208.899349067196,25439.593313409718,23053.167383104294,
2026-11-01,23823.35946779739,22684.76910097423,24953.84227010719,23370.66512735538,
2026-12-01,24877.06523254216,23705.605654423776,25951.42132956517,23677.921008888694,
2027-01-01,24831.908895726083,23604.91219514848,25981.015011122337,23995.41875313978,
2027-02-01,23727.830554403496,22626.05615873998,24898.792145651332,24312.91649739087,
2027-03-01,26295.504767206832,25137.22044696659,27581.88845667165,24599.688653488636,
2027-04-01,25890.889031537525,24570.470195142618,27105.464544446342,24917.186397739722,
2027-05-01,,23541.362964745364,26083.28120645779,25224.442279273026,
2027-06-01,,22895.75625735997,25558.59149302718,25541.940023524112,
2027-07-01,,24398.635293001455,27222.002431567038,25849.195905057426,
2027-08-01,,25293.846649779614,28329.380779249215,26166.693649308512,
2027-09-01,,24759.736867728578,27896.66063258174,26484.1913935596,
2027-10-01,,25870.256812855197,29084.90942237683,26791.447275092913,
2027-11-01,,25401.21426783036,28753.18233401153,27108.945019344,
2027-12-01,,26067.058845803236,29848.133076214246,27416.200900877313,
2028-01-01,,25687.084340779085,29448.318573853085,27733.6986451284,
2028-02-01,,24422.932430462606,28516.456881648974,28051.19638937949,
2028-03-01,,26498.251541557158,31389.89194162565,28348.210408195016,
2028-04-01,,25649.752724705133,30816.898190756878,28665.708152446103,
