horizon,mse,rmse,mae,mape,mdape,smape,coverage
46 days,193542.87422236468,439.935079554205,280.4159913941837,0.050801814344908346,0.0417938898874373,0.05054716541430987,0.4594594594594595
47 days,195135.56840719245,441.74151764034184,284.7070836654939,0.050189457243957965,0.0417938898874373,0.04989536011958762,0.4594594594594595
48 days,218765.73239253514,467.72399167942535,316.3647228530874,0.056399478408362236,0.049771422960860436,0.056557246043584544,0.40540540540540543
49 days,222589.5513629351,471.79397130838277,323.3299483817276,0.05691317874098519,0.05018283053315206,0.05698308273688725,0.40540540540540543
50 days,229562.01101831658,479.1262996521028,333.78481145415986,0.057923769481979685,0.05018283053315206,0.05788284781576717,0.3918918918918919
51 days,236739.98808843782,486.5593366573473,344.52904250863963,0.05790812499484127,0.050763126937311706,0.05771524662187536,0.3783783783783784
52 days,237100.063851347,486.92921852292557,340.0484727565583,0.054663144387858305,0.05018283053315206,0.05425672422785148,0.40540540540540543
53 days,321677.59949399286,567.1662891022287,373.35666551061246,0.057988701695465876,0.049771422960860436,0.05701979424181261,0.43243243243243246
54 days,345408.6607031082,587.7147783603099,387.63115564394144,0.0596405867592533,0.049771422960860436,0.05851067039013644,0.43243243243243246
55 days,342432.46147388924,585.1772906341199,382.5810681945069,0.058998695068055294,0.049771422960860436,0.05786795259368519,0.4594594594594595
56 days,288984.4558046632,537.5727446631415,356.575371004792,0.055492537858642936,0.0417938898874373,0.05477357132066496,0.5
57 days,238348.0507989258,488.20902367625877,336.9787946457472,0.052800260065047275,0.040148831225325865,0.052461627742039496,0.5135135135135135
58 days,219583.08347137927,468.59693071058336,316.060440374356,0.050198443923856105,0.03941564360495563,0.049981754183398966,0.5405405405405406
59 days,225564.99643438758,474.9368341520666,324.4023494452014,0.051029079852455486,0.040148831225325865,0.05078174219621256,0.5135135135135135
60 days,226814.77092420153,476.2507437518618,326.8353549055822,0.05121521559734834,0.0417938898874373,0.05092341629813828,0.5135135135135135
61 days,223131.7084446855,472.3681916097712,318.8917161199205,0.050304388680441896,0.040148831225325865,0.04999382499354714,0.5135135135135135
72 days,223353.37728956674,472.6027690244385,319.8060947250904,0.052303972940921095,0.0417938898874373,0.052093571696178544,0.4864864864864865
73 days,223386.21002039732,472.6375038233819,319.90973699851884,0.05391790335204003,0.04459104201470777,0.05379278629703483,0.4594594594594595
74 days,218748.69182302972,467.70577484464496,311.9931019550551,0.05478625124982041,0.04459104201470777,0.054772392193445506,0.44594594594594594
75 days,213479.56009703342,462.03848335071984,299.9128723389952,0.05400416515483925,0.04459104201470777,0.05402092332513571,0.4594594594594595
76 days,213918.17151631237,462.5128879461765,301.1383666199223,0.055263268017108055,0.049771422960860436,0.055338000937695565,0.43243243243243246
77 days,214509.32964932875,463.1515191050643,302.782721560239,0.053680449428501247,0.04569377991164798,0.053647178409537206,0.43243243243243246
78 days,222227.77862429523,471.41041420856965,317.73484613649345,0.05549295707996033,0.049771422960860436,0.05531297294012962,0.40540540540540543
79 days,253598.5724414949,503.58571508879686,345.47942502410336,0.06087480832187386,0.053375109254576045,0.06141946761999618,0.3783783783783784
80 days,266792.8887085309,516.5199790022947,364.74443353735967,0.06238170147963891,0.05540472315547761,0.06268439689597854,0.3783783783783784
81 days,274826.19523213006,524.238681548901,374.8511332462566,0.06284260645692215,0.05540472315547761,0.06301996479870903,0.3783783783783784
82 days,276210.7485643601,525.557559706223,378.41624595941846,0.06083471123295246,0.05540472315547761,0.06079163690184577,0.3783783783783784
83 days,365614.3776158398,604.6605474279265,405.2819667231434,0.0625896887592916,0.053375109254576045,0.061611268023927385,0.40540540540540543
84 days,372024.63772588165,609.938224516124,410.4131404442224,0.06259853345792483,0.053375109254576045,0.06161944031172527,0.40540540540540543
85 days,387748.7091165806,622.694715825163,421.4173354159945,0.06368569998206994,0.053375109254576045,0.06263758389675522,0.43243243243243246
86 days,382530.31335872074,618.4903502551359,413.5554145216963,0.06281909108873593,0.053375109254576045,0.061738426928643605,0.44594594594594594
87 days,332820.7882280795,576.9062213463117,389.57687630185643,0.05972842437944404,0.04459104201470777,0.05897062122483279,0.47297297297297297
88 days,252981.82143649505,502.97298280970824,335.75100425660645,0.05290292439116831,0.03941564360495563,0.05272809479873144,0.5135135135135135
89 days,253183.3506647707,503.17328095276554,336.2736697362827,0.052896184829106255,0.03941564360495563,0.05270881617079766,0.5135135135135135
90 days,263811.58223804133,513.6259166339266,352.6776002152862,0.05451282080539247,0.04569377991164798,0.054230520529117074,0.4864864864864865
91 days,262932.45374054485,512.7693962597074,350.96453174084036,0.054283776475628216,0.04569377991164798,0.05401144616316848,0.4864864864864865
92 days,262248.8574265535,512.1023895927,349.8080264791001,0.054125197103000997,0.04569377991164798,0.05385440408250106,0.4864864864864865
103 days,262271.0265121192,512.1240343043072,350.89062071819603,0.056277455440545784,0.04668288616237837,0.056128987643448966,0.4594594594594595
104 days,263100.65881634975,512.9333863342781,354.0760535850581,0.05880969026800795,0.053375109254576045,0.05852122539290355,0.43243243243243246
105 days,256689.2663321542,506.6451088603878,344.55713930662245,0.05966058592941108,0.05540472315547761,0.05951124047717943,0.43243243243243246
106 days,251729.35204400978,501.72637168481566,334.0578557579585,0.05947724350070129,0.05540472315547761,0.05936800123094342,0.43243243243243246
107 days,253391.64013887575,503.3802142902279,339.07323665621857,0.06141192321854881,0.05870812495204588,0.06139009381806436,0.40540540540540543
108 days,255442.9633400698,505.41365567233123,342.901716415906,0.06035680417353664,0.05540472315547761,0.06027139394366267,0.40540540540540543
109 days,264377.38659704017,514.1764158312205,358.71517818394517,0.062142638432151086,0.056050469830533724,0.06188898823102381,0.3783783783783784
110 days,301797.5399690534,549.3610288044224,389.7394946342325,0.06812929871555133,0.05870812495204588,0.06870465598706098,0.35135135135135137
111 days,316620.47125580156,562.690386674414,409.7035546912894,0.06967349373426782,0.059660214712092444,0.06997065446528088,0.35135135135135137
112 days,325217.6156977802,570.2785422035273,421.0437048221703,0.0703599168388805,0.06791432228745496,0.07054621461336784,0.35135135135135137
113 days,349519.48936267575,591.2017332202906,443.4558782328973,0.07129660943178266,0.07287201238556505,0.07151901261854277,0.35135135135135137
114 days,403904.5784227976,635.5348758508833,451.0662390334032,0.06960316487895554,0.07287201238556505,0.06851592843212645,0.3783783783783784
115 days,412773.6190554008,642.4746057669523,458.1422720975976,0.06978912133288254,0.07287201238556505,0.0686889538216578,0.3783783783783784
116 days,424441.6608371644,651.4918731934915,465.70239542646055,0.07060610015509633,0.05870812495204588,0.069419204289218,0.40540540540540543
117 days,417660.6599875597,646.2667096389537,456.3326969103239,0.06950402338778941,0.05870812495204588,0.0682920393326779,0.43243243243243246
118 days,315467.6755290865,561.6650919623602,415.67463963987586,0.06405968152862626,0.056050469830533724,0.06361429082315388,0.4594594594594595
119 days,289328.5858616465,537.8927270949539,385.21123027457816,0.06044783929542544,0.04668288616237837,0.060159657889364684,0.5
120 days,277491.8318547495,526.7749347252102,373.71479531289066,0.058974005379526226,0.04668288616237837,0.05875646024417833,0.5135135135135135
121 days,289411.0047257443,537.9693343730145,393.01084262300355,0.06092418199774197,0.04768588164097081,0.060632511670677514,0.4864864864864865
122 days,288552.2032731644,537.1705532446509,391.05306805370986,0.060648915592057484,0.04768588164097081,0.06035937773365769,0.4864864864864865
123 days,289147.0745400421,537.7239761625309,393.52414594578886,0.06089420229944435,0.04768588164097081,0.06060144567453385,0.4864864864864865
133 days,289546.86316929874,538.0955892490653,395.4136082704078,0.06282754473682929,0.056050469830533724,0.06262735175290726,0.4594594594594595
134 days,289104.9832648427,537.6848363724262,394.1842211689657,0.06473274426831802,0.0581989932113739,0.06465831669117086,0.43243243243243246
135 days,277024.6304815879,526.3312934659955,375.50841015957496,0.06576390545820962,0.0581989932113739,0.0655922380877341,0.43243243243243246
136 days,276969.6145339544,526.2790272602115,375.3388454401478,0.06676464466477082,0.0581989932113739,0.06662887010043901,0.40540540540540543
137 days,277334.31581172143,526.6254036900626,374.8930745200054,0.06634805252123527,0.0581989932113739,0.06617807050039169,0.40540540540540543
138 days,320754.2281565548,566.3516823993328,406.1655861738149,0.0700501506136647,0.0581989932113739,0.07093419986747554,0.40540540540540543
139 days,323999.2212811631,569.2092947951246,414.10454617753476,0.07182487678646572,0.07194232511607501,0.0728119989197567,0.3783783783783784
140 days,348775.6254075731,590.572286352461,443.47104502982313,0.07543653737909867,0.075946906404232,0.07597276823150452,0.35135135135135137
141 days,354722.6881211694,595.5860039668238,451.8346601138193,0.07572389639184332,0.075946906404232,0.07613315893633925,0.35135135135135137
142 days,357070.7948581868,597.5540099925586,451.34088307548353,0.07422915203083107,0.07194232511607501,0.07453285681938611,0.3783783783783784
143 days,355942.45862309454,596.6091338750141,454.68383374531686,0.07124163423930718,0.075946906404232,0.07048566043290128,0.3783783783783784
144 days,364410.45480110863,603.6641904247001,461.0019986191251,0.07118875038353033,0.075946906404232,0.07062420747948317,0.3783783783783784
145 days,435340.6038086591,659.8034584697622,485.2362786363844,0.073690007224737,0.07194232511607501,0.07267459213999108,0.40540540540540543
146 days,422711.35778742714,650.1625625852562,474.2556019465266,0.07226968614490212,0.07168947603006408,0.07129081106536861,0.43243243243243246
147 days,366396.41968878923,605.3068805893331,445.70148611770117,0.06855820380588094,0.0533559249721376,0.0679537385691394,0.47297297297297297
148 days,304909.48423747864,552.1860956575044,407.6154497237739,0.06390354974199366,0.05158940336942909,0.06372564837061806,0.5135135135135135
149 days,293216.0065945792,541.4942350520264,397.5296575653816,0.06258244691802672,0.05158940336942909,0.062458151962244086,0.527027027027027
150 days,287414.3401370894,536.1103805533795,395.36994674779316,0.062031277816722435,0.05158940336942909,0.06192546398099439,0.5135135135135135
151 days,285791.2743108896,534.5944952119219,390.17653062964,0.06144963437226638,0.05158940336942909,0.06134309479504501,0.5135135135135135
152 days,289474.4436719648,538.028292631498,395.4432350634825,0.061945671904980536,0.05158940336942909,0.06181101969049874,0.5135135135135135
153 days,290478.8340099613,538.9608835620274,398.67497567159546,0.062243958650214586,0.05158940336942909,0.06211692546742133,0.5135135135135135
164 days,290609.0738985415,539.0816950134196,399.45575128430994,0.06592505145391211,0.05587345693451543,0.06599944602934944,0.4594594594594595
165 days,285462.1893496172,534.2866172286343,392.7233583020301,0.06756806739201741,0.05587345693451543,0.06751608938724762,0.44594594594594594
166 days,278635.6542913122,527.8595024164216,379.9136838837129,0.0664469887037539,0.05587345693451543,0.06643236046148221,0.4594594594594595
167 days,277880.70055992046,527.1439087762662,377.3139470465737,0.06791480006294591,0.05587345693451543,0.06795859981687306,0.40540540540540543
168 days,281021.41843183874,530.1145333150552,384.2807922505893,0.06764289174580902,0.05587345693451543,0.06766582671274703,0.40540540540540543
169 days,331587.09811732266,575.8359993238723,423.2712173799073,0.07338775722993235,0.06920727589096712,0.07470090565250741,0.3783783783783784
170 days,350897.6148245133,592.3661155269715,442.2178527497847,0.07596931578314878,0.07168947603006408,0.07696418369056386,0.3783783783783784
171 days,367450.39925417904,606.176871262983,459.61884535341073,0.07809316029652166,0.07194232511607501,0.07884573743776063,0.36486486486486486
172 days,366936.64615065133,605.7529580205543,468.6909391364515,0.07705400654121793,0.07168947603006408,0.07705733757474392,0.35135135135135137
173 days,357027.5654261747,597.5178369104765,466.67945685213016,0.07370715538112513,0.06920727589096712,0.07302424364612663,0.35135135135135137
174 days,431648.06233166566,656.9992864011845,498.7772888268968,0.07541945532218289,0.06920727589096712,0.07466429592131922,0.35135135135135137
175 days,510713.1936558438,714.642003842374,532.8572951452473,0.07945174871974023,0.06920727589096712,0.07816988910662613,0.35135135135135137
176 days,508602.75318769796,713.163903452564,532.8240129276857,0.07926882319554868,0.06920727589096712,0.0780142216916485,0.36486486486486486
177 days,491826.92327030236,701.303731111066,521.6772835129156,0.07764057471423365,0.05788435180119328,0.07661843524339425,0.40540540540540543
178 days,457481.3246487336,676.3736575656488,490.3145408919134,0.07405616988738979,0.05367108422616259,0.07307666372648162,0.4594594594594595
179 days,370871.00653287856,608.9917951277164,445.3252749084666,0.068276724113238,0.05158940336942909,0.06790542808761688,0.4864864864864865
180 days,368226.6328879056,606.8168033994325,440.6619974308697,0.06770790696135656,0.05158940336942909,0.06730780417886799,0.4864864864864865
181 days,379776.2769133039,616.2599101948008,451.8285983411646,0.0688087195183744,0.05367108422616259,0.06831467968512751,0.4594594594594595
182 days,380733.00297641754,617.0356577835819,451.140396543186,0.0686181664570605,0.05367108422616259,0.06808481998022109,0.4594594594594595
183 days,381251.99670326133,617.4560686423458,452.6163982690527,0.06872601617020647,0.05367108422616259,0.06819843855809335,0.4594594594594595
194 days,379674.6279458416,616.1774321945276,449.3027001431661,0.0702289165441324,0.05587345693451543,0.06982305969198041,0.43243243243243246
195 days,376142.14841534046,613.3042869696416,444.3324317187928,0.07191075780828006,0.05788435180119328,0.07166895753779358,0.4189189189189189
196 days,373500.7953330986,611.147114312993,440.9926151169328,0.07424448242738521,0.0664303141548576,0.07386375219911422,0.40540540540540543
197 days,368991.03230547893,607.4463205135734,433.82340671945923,0.07459261379228109,0.0664303141548576,0.07428794345731245,0.3783783783783784
198 days,368904.09303082834,607.3747550160678,433.08864772421737,0.07455977028569058,0.0643777192789287,0.07422923490716084,0.3783783783783784
199 days,420095.49106900115,648.1477386128885,468.56472881276756,0.07887403729520683,0.0643777192789287,0.0797473435307928,0.3783783783783784
200 days,429992.68321943027,655.7382734135855,484.2384652206937,0.08237529653470718,0.0664303141548576,0.0835315177013294,0.35135135135135137
201 days,476085.38970983983,689.9894127519927,527.534456406843,0.08810875935721486,0.07790340049941398,0.08862887595414828,0.35135135135135137
202 days,492110.02147985896,701.5055391654859,542.024552157252,0.08884749698725268,0.07790340049941398,0.08912153402886462,0.35135135135135137
203 days,480970.16822253296,693.5201282028755,540.9830845969608,0.08571135945142926,0.07790340049941398,0.08528416816665073,0.35135135135135137
204 days,600889.60309729,775.1706928782138,578.0267547661763,0.08773020484970909,0.07790340049941398,0.08579819055380997,0.35135135135135137
205 days,597442.6721028753,772.9441584635175,575.7689741064263,0.08635286777048809,0.07520068785219576,0.08470258997197826,0.35135135135135137
206 days,654142.3008249297,808.7906409108167,595.1100860445289,0.0881386758347383,0.07520068785219576,0.08616499273570767,0.3783783783783784
207 days,646097.1320252722,803.801674559883,582.1676698228005,0.08654600417190661,0.0643777192789287,0.08460689286029933,0.40540540540540543
208 days,603843.7340486381,777.0738279266894,558.5611224928825,0.08363237798091923,0.0643777192789287,0.08203825628851777,0.43243243243243246
209 days,466948.97169509914,683.3366459477343,478.5949125111715,0.07399563826076985,0.05816742511758456,0.07321163724139051,0.4864864864864865
210 days,469621.25596921257,685.2891768948439,482.3266154785586,0.07427185588744982,0.05816742511758456,0.07347714255010343,0.4864864864864865
211 days,481488.17863790964,693.8934922867555,494.62791036690777,0.07536129650208946,0.05882371049016788,0.07440787562464517,0.4594594594594595
212 days,479969.4989248448,692.7983104229144,488.3820103771534,0.07468723131439112,0.05882371049016788,0.07373119770120694,0.4594594594594595
213 days,484372.644037375,695.9688527781793,494.6980990792467,0.0752957517937576,0.05882371049016788,0.0743069655747132,0.4594594594594595
214 days,484593.5103486238,696.1275101219775,495.47779681853444,0.07532975782243508,0.05882371049016788,0.07435292011476029,0.4594594594594595
225 days,484648.4075657212,696.1669394374608,495.8624773449131,0.07982283100820838,0.07520068785219576,0.07916079556314917,0.40540540540540543
226 days,471575.89303369017,686.7138363493851,482.7377540736037,0.08070618514630051,0.07520068785219576,0.07996648213033901,0.40540540540540543
227 days,469251.81035157276,685.0195693201565,478.2817652326424,0.08072527783918605,0.07520068785219576,0.08000560661621871,0.40540540540540543
228 days,467585.6254293838,683.8023292073403,476.41963930047075,0.08280050638947808,0.07520068785219576,0.08219219714861682,0.35135135135135137
229 days,469662.79014963465,685.3194803517806,480.95066799488757,0.08166971051633984,0.07236014538814609,0.08096182327854647,0.35135135135135137
230 days,543616.5289571779,737.3035527902858,535.5629334186492,0.0904531807448817,0.07520068785219576,0.09152054529551373,0.32432432432432434
231 days,571166.7550565707,755.7557509252382,558.373578845176,0.09340750774339067,0.07819302910635696,0.09407430650917092,0.32432432432432434
232 days,593945.6965886562,770.6787246243769,579.0441836650884,0.09586669259825586,0.08030131389282649,0.09623919106743833,0.3108108108108108
233 days,594278.5816937544,770.8946631633627,589.8254829644513,0.09483545079507413,0.0849253274016987,0.09436296364214072,0.2972972972972973
234 days,587809.7407189837,766.6875117797235,590.5770922177452,0.09098118967157547,0.08030131389282649,0.08961069464013481,0.2972972972972973
235 days,682868.2699154193,826.3584391263995,609.381153151806,0.09153957007843325,0.07819302910635696,0.08975359727626757,0.32432432432432434
236 days,774980.2824408037,880.3296441906314,641.7827842702839,0.09538817020142186,0.07819302910635696,0.09299713267981433,0.32432432432432434
237 days,767501.2582042076,876.0714914915378,632.2013117336489,0.0941241557032471,0.07605247204557296,0.09174821835094756,0.35135135135135137
238 days,686467.4593580645,828.5333181943043,594.291294882376,0.08894631120221494,0.07520068785219576,0.0872764460060774,0.3783783783783784
239 days,592747.1736560935,769.9007557186144,545.6638942709762,0.08288822584278352,0.0702744731322347,0.08173894723747313,0.43243243243243246
240 days,519356.8251659226,720.6641555994877,507.5322491261531,0.07807666839281725,0.06497845107897078,0.07741789253313293,0.4594594594594595
241 days,527470.8436073364,726.2718799508463,521.129657294101,0.07948316681713166,0.06497845107897078,0.07878172389632573,0.43243243243243246
242 days,532691.7952668235,729.8573800865643,527.3991123935003,0.08003840888114974,0.06497845107897078,0.07921877193448593,0.4189189189189189
243 days,528228.0960410646,726.7930214586988,524.0836850623848,0.07955774152574135,0.06497845107897078,0.07866922096898882,0.43243243243243246
244 days,529739.4619709944,727.8320286790039,529.1664114502883,0.08003148112795624,0.06497845107897078,0.07914990188934601,0.43243243243243246
255 days,526035.0932709586,725.2827678022956,523.3785711763338,0.08154998975219516,0.0702744731322347,0.0808411685337914,0.40540540540540543
256 days,517062.35656640213,719.0704809449503,512.7958825198282,0.08274853624006111,0.07236014538814609,0.0822498059122383,0.3918918918918919
257 days,508375.32888814545,713.0044381966675,503.9873912592423,0.08407257484995813,0.07236014538814609,0.08352294330088374,0.3783783783783784
258 days,504021.55791232863,709.9447569440376,497.8466086592549,0.08480054028297324,0.07337220777079434,0.08435942436596208,0.35135135135135137
259 days,504157.4978114017,710.0404902619299,497.8037897387456,0.08475680576891038,0.07236014538814609,0.08426439782900935,0.32432432432432434
260 days,557539.5176177507,746.6856886386337,530.878033787089,0.08793323809333027,0.07236014538814609,0.08854187582212711,0.32432432432432434
261 days,592313.5333859435,769.6190833041652,559.9273512313468,0.09353523313035565,0.07337220777079434,0.09495140651563504,0.2972972972972973
262 days,652195.1067201415,807.5859748163916,607.9156093472657,0.09931253730063784,0.07506977343170089,0.09992840155513101,0.2972972972972973
263 days,670476.4352697043,818.8262546289685,624.203091108307,0.10037756683820141,0.07506977343170089,0.10075790012730708,0.2972972972972973
264 days,658366.9881969619,811.3981687167909,624.4297673478311,0.09691179966052758,0.07605247204557296,0.09639620693953126,0.2972972972972973
265 days,776258.1167182795,881.0551155962262,656.1612973323686,0.09770618343571423,0.07605247204557296,0.0954330272411164,0.2972972972972973
266 days,753014.4353162361,867.7640435718895,634.3332122616372,0.09425164492164981,0.07506977343170089,0.09223102102159526,0.32432432432432434
267 days,824935.220802765,908.2594457547716,650.096108062229,0.09574893314219515,0.07472100074276022,0.09329397883330996,0.35135135135135137
268 days,810812.148351198,900.4510804875509,635.0893770658248,0.09395669572610306,0.07337220777079434,0.09152979335287585,0.3783783783783784
269 days,734331.5809525282,856.9314913997082,601.5987592730014,0.0895953857954844,0.0689515913820356,0.08773192284803868,0.4189189189189189
270 days,554432.6332483732,744.602332287761,520.1606499881866,0.07925564783685496,0.06193451959247363,0.07863768566977632,0.4594594594594595
271 days,559328.9577589831,747.8829840014968,527.312438556541,0.07994086669242641,0.06193451959247363,0.07929792825448943,0.4594594594594595
272 days,573646.325138306,757.3944316789674,544.4938740094237,0.08156469646641941,0.06334483414472376,0.08072022466397283,0.43243243243243246
273 days,572161.8817988308,756.4138297247287,540.5273613521354,0.08111079844301303,0.06334483414472376,0.08027348955722044,0.43243243243243246
274 days,578460.4484623708,760.5658738481308,548.7774444177371,0.08190862028964252,0.06334483414472376,0.0810369104894708,0.40540540540540543
275 days,577343.4875530087,759.8312230706294,548.6226572084126,0.08182020856227024,0.06334483414472376,0.08097666440047215,0.40540540540540543
286 days,578243.4081777225,760.4231770387607,551.4553830824707,0.08585666078997875,0.0689515913820356,0.08551128368528502,0.3783783783783784
287 days,571322.4850321048,755.8587732057522,542.410513252686,0.08738254119607697,0.07337220777079434,0.08726538354412063,0.3783783783783784
288 days,557345.9879174483,746.5560849108714,525.8454467911226,0.08813063057153055,0.07472100074276022,0.08799589815431948,0.3783783783783784
289 days,557712.2156824752,746.801322764278,528.2260470089441,0.0899924163668112,0.07506977343170089,0.08998168768652336,0.35135135135135137
290 days,559127.4387620568,747.7482455760473,529.6480051337687,0.09050532618868369,0.07506977343170089,0.09050417742918343,0.32432432432432434
291 days,624440.3961210988,790.215411214625,569.7425978370924,0.09556114770249981,0.07506977343170089,0.09670977415458745,0.3108108108108108
292 days,664996.0052198302,815.4728721544514,599.5524568304908,0.10068112917927743,0.07506977343170089,0.10280186063673051,0.2972972972972973
293 days,735410.7078269396,857.5609061908896,650.1117101671053,0.10666517769663016,0.0809116279356652,0.10785147621904981,0.2972972972972973
294 days,754772.0113136972,868.7761571968335,668.0820453413944,0.10804235368418688,0.08982449375748705,0.10901405402801348,0.2972972972972973
295 days,756540.683245557,869.7934716043557,678.2356706843708,0.10595852788939777,0.0908936009163955,0.10564273452183731,0.2972972972972973
296 days,860922.622426531,927.859160878703,706.7001568903481,0.10619807818649081,0.0908936009163955,0.10423430184474562,0.2972972972972973
297 days,830660.5669938888,911.4058190476342,681.9235746982088,0.10214876886319382,0.08982449375748705,0.1005291011252785,0.32432432432432434
298 days,902404.1256831149,949.9495384930269,692.8902328770764,0.1033142590569194,0.0809116279356652,0.10116565576453197,0.35135135135135137
299 days,890935.4010023968,943.8937445509408,681.5813346763608,0.10186918551901195,0.07757726246925178,0.09974232900197999,0.3783783783783784
300 days,715992.2161772859,846.1632325841663,611.9588325130508,0.0927195950252512,0.06334483414472376,0.09193471701545988,0.43243243243243246
301 days,667074.0092464988,816.7459882034921,589.021984736417,0.08980289249802018,0.06334483414472376,0.08934842625371986,0.44594594594594594
302 days,622604.6635138937,789.0530169221164,574.02526619444,0.0877569005130503,0.06193451959247363,0.08760832631711397,0.4594594594594595
303 days,642607.6654877188,801.6281341667835,595.3885991985047,0.08985574955632963,0.06370132642610851,0.08954503889629113,0.40540540540540543
304 days,638067.777059399,798.7914477880938,587.6327424434984,0.08895659506895914,0.06370132642610851,0.08862496919170423,0.40540540540540543
305 days,645622.2234426159,803.5062062253259,598.7423224963459,0.0900751732864919,0.06370132642610851,0.08970546328256644,0.3783783783783784
306 days,647450.9029371099,804.6433389627418,603.234368516089,0.09047658719516893,0.06370132642610851,0.09012263243604411,0.3783783783783784
315 days,642412.7223823455,801.5065329629856,595.7341429084121,0.09185466080781209,0.07264409831849163,0.09167964087714496,0.35135135135135137
317 days,621841.1511318599,788.5690528621193,573.7453231596902,0.09448661886555551,0.07264409831849163,0.0947952365661743,0.35135135135135137
318 days,622483.8020665522,788.976426812964,576.1047900653467,0.09586976504002244,0.07264409831849163,0.09622793651421291,0.32432432432432434
319 days,615113.4802102501,784.2917060700375,564.179212137598,0.096703308963624,0.07871167194482148,0.09720791186778387,0.32432432432432434
320 days,659530.9101463298,812.1150842992204,591.9373017990386,0.09816651077959068,0.07871167194482148,0.09912803436101016,0.32432432432432434
321 days,663131.8774371289,814.3290965188023,598.7137590134433,0.09924239850014631,0.08676913330957868,0.10039732063531463,0.3108108108108108
322 days,778366.859648921,882.251018502626,666.5860402987306,0.10855573314700923,0.08676913330957868,0.11014377566359296,0.2972972972972973
323 days,798747.0870311816,893.7265169117348,684.2842910056439,0.109944819462316,0.08676913330957868,0.11125634672460487,0.2972972972972973
324 days,820858.9844514425,906.0126844870564,708.6618782673999,0.11071338127601042,0.09464949813944037,0.11083176225944116,0.2972972972972973
325 days,773306.772217127,879.3786284741784,687.3003276857793,0.10389206122442968,0.09378018696591775,0.10226137852057428,0.2972972972972973
326 days,757269.0720178839,870.2120845046246,679.5330535194977,0.1015456920412925,0.09191209125741473,0.10043605055127551,0.2972972972972973
327 days,891468.3410333347,944.1760116807325,722.9769138128659,0.10579938495535385,0.09191209125741473,0.10395509232078007,0.2972972972972973
328 days,873042.2334977096,934.3672904686409,712.1101561400422,0.1042470130233778,0.08676913330957868,0.10256624809363427,0.32432432432432434
329 days,759962.205781177,871.7581119675211,645.8207154353258,0.09592022464928109,0.07017123875790236,0.0949196299232005,0.3783783783783784
330 days,681974.5494637267,825.8175037281098,617.806323870219,0.09210038576744664,0.06963225184704865,0.09168212808604495,0.40540540540540543
331 days,631472.9742860359,794.6527381731191,599.0043478947172,0.08969643781222036,0.06370132642610851,0.08961334645076686,0.4189189189189189
332 days,587813.2887988175,766.6898256784275,587.9659527266194,0.08801548494220651,0.06370132642610851,0.08820613355514487,0.40540540540540543
333 days,588142.6477291627,766.9045884131629,588.9737393515867,0.08801845282038337,0.06370132642610851,0.08816505570247384,0.40540540540540543
334 days,602989.7999797484,776.5241786188943,605.0198123246366,0.08952370547603793,0.06963225184704865,0.08958047285282329,0.3783783783783784
335 days,602786.2383646158,776.3930952582048,604.9877204131225,0.08949888279450761,0.06963225184704865,0.08956212736059244,0.3783783783783784
346 days,598369.5257059586,773.5434866288764,598.1973720623271,0.09095694925736278,0.07017123875790236,0.0911954450233765,0.35135135135135137
347 days,588838.0288711409,767.3578232292552,589.1878188362543,0.09332954276538659,0.07871167194482148,0.09400599083381964,0.35135135135135137
348 days,577149.6144230933,759.7036359154097,576.3729563730612,0.09371834409780262,0.08231143632631958,0.09436670308939611,0.35135135135135137
349 days,569755.748080009,754.8216664087015,566.4135767849679,0.09462600886397352,0.08231143632631958,0.09538762929302654,0.32432432432432434
350 days,572037.302030753,756.3314762924739,570.5874455242603,0.09615596504191037,0.08559214848485829,0.09701111574281926,0.2972972972972973
351 days,625580.5491119191,790.9365013146878,606.5984486888696,0.09997137673112344,0.08576317283206351,0.1017263485434384,0.2972972972972973
352 days,688916.2106577777,830.009765399045,643.3961357331182,0.10555169599359746,0.08676913330957868,0.10836584604693425,0.2972972972972973
353 days,757672.359735011,870.443771725096,681.7295303760521,0.1108413944671938,0.09191209125741473,0.1128326822877246,0.28378378378378377
354 days,797808.6610397665,893.2013552608205,714.1956130139621,0.11277162674716981,0.10080281265789806,0.11356946583335631,0.2702702702702703
355 days,806858.1234135968,898.2528170919347,726.1737331186537,0.11079466535435702,0.09191209125741473,0.11061524814586511,0.2702702702702703
356 days,744584.1281295115,862.8928833461958,701.1508857822614,0.10360598893792594,0.09191209125741473,0.10284384277101631,0.2702702702702703
357 days,865642.2433450315,930.3989699827873,738.7608858291763,0.10794897603987867,0.09191209125741473,0.10642471467033157,0.2702702702702703
358 days,895011.2108775034,946.0503215355425,750.5264901249673,0.10902504277898686,0.09191209125741473,0.10735344355177161,0.2702702702702703
359 days,859147.2424238605,926.9019594454747,718.7772427226915,0.10467961913112053,0.08559214848485829,0.1033912813980062,0.32432432432432434
360 days,831025.71860362,911.6061203193076,693.6300523090637,0.1017494499528532,0.08231143632631958,0.10046698400247622,0.3783783783783784
361 days,645608.985594088,803.4979686309655,612.7441454724863,0.09145833329975421,0.06963225184704865,0.09144121497780297,0.43243243243243246
362 days,637621.6653768544,798.512157313121,604.1988021018266,0.09042912891647213,0.06076986299593361,0.0903308808766904,0.43243243243243246
363 days,653734.6712057072,808.5386021741369,622.6331978950624,0.09235603666016416,0.079623030692742,0.0921725055885459,0.40540540540540543
364 days,671341.0365370249,819.3540361388506,642.6094298654061,0.09431428071398132,0.08178456144127638,0.09403021986706353,0.3783783783783784
365 days,665829.7685963617,815.9839266777022,630.7285764064088,0.09299811665908199,0.08178456144127638,0.09273667976684416,0.3783783783783784
