date,credit_cards_outstanding_lakh,debit_cards_outstanding_lakh,credit_card_vol_lakh,credit_card_pos_vol_lakh,credit_card_other_vol_lakh,debit_card_vol_lakh,debit_card_pos_vol_lakh,debit_card_other_vol_lakh,pos_terminals_lakh,upi_qr_lakh,upi_volume_mn,upi_p2m_vol_mn,repo_rate,cpi_index,cpi_inflation_pct
2004-04-01,,,95.7,,,33.05,,,,,,,,,
2004-05-01,,,98.6,,,33.33,,,,,,,,,
2004-06-01,,,103.4,,,33.61,,,,,,,,,
2004-07-01,,,97.7,,,33.89,,,,,,,,,
2004-08-01,,,107.9,,,34.17,,,,,,,,,
2004-09-01,,,100.6,,,34.45,,,,,,,,,
2004-10-01,,,113.1,,,34.74,,,,,,,,,
2004-11-01,,,122.5,,,35.03,,,,,,,,,
2004-12-01,,,113.4,,,35.32,,,,,,,,,
2005-01-01,,,116.6,,,35.62,,,,,,,,,
2005-02-01,,,106.8,,,35.91,,,,,,,,,
2005-03-01,,,118.5,,,36.21,,,,,,,,,
2005-04-01,,,117.8,,,38.29,,,,,,,,,
2005-05-01,,,129.2,,,37.38,,,,,,,,,
2005-06-01,,,121.6,,,35.05,,,,,,,,,
2005-07-01,,,126.8,,,39.57,,,,,,,,,
2005-08-01,,,123.4,,,34.21,,,,,,,,,
2005-09-01,,,119.0,,,33.74,,,,,,,,,
2005-10-01,,,104.1,,,41.87,,,,,,,,,
2005-11-01,,,143.3,,,36.09,,,,,,,,,
2005-12-01,,,146.2,,,40.36,,,,,,,,,
2006-01-01,,,147.1,,,40.65,,,,,,,,,
2006-02-01,,,134.9,,,38.24,,,,,,,,,
2006-03-01,,,147.5,,,41.41,,,,,,,,,
2006-04-01,177.16,518.1,117.7,,,41.5,,,,,,,,,
2006-05-01,180.55,527.0,131.9,,,44.37,,,,,,,,,
2006-06-01,185.76,546.9,125.5,,,42.6,,,,,,,,,
2006-07-01,190.27,573.1,133.7,,,49.26,,,,,,,,,
2006-08-01,195.65,589.6,139.8,,,188.37,,,,,,,,,
2006-09-01,200.39,614.0,136.2,,,205.52,,,,,,,,,
2006-10-01,204.85,658.6,151.7,,,190.37,,,,,,,,,
2006-11-01,210.98,664.2,139.6,,,214.92,,,,,,,,,
2006-12-01,215.99,689.3,151.9,,,208.8,,,,,,,,,
2007-01-01,221.08,698.4,161.9,,,213.91,,,,,,,7.5,,
2007-02-01,226.54,720.3,147.3,,,222.32,,,,,,,7.5,,
2007-03-01,231.23,749.8,158.3,,,205.46,,,,,,,7.75,,
2007-04-01,235.03,758.7,167.4,,,213.73,,,,,,,7.75,,
2007-05-01,241.29,784.6,174.7,,,224.62,,,,,,,7.75,,
2007-06-01,243.98,795.7,171.9,,,243.87,,,,,,,7.75,,
2007-07-01,244.89,819.7,179.5,,,238.91,,,,,,,7.75,,
2007-08-01,249.48,849.5,188.4,,,72.3,,,,,,,7.75,,
2007-09-01,251.4,876.5,174.2,,,68.91,,,,,,,7.75,,
2007-10-01,256.16,897.1,207.5,,,77.69,,,,,,,7.75,,
2007-11-01,258.74,922.6,199.4,,,83.84,,,,,,,7.75,,
2007-12-01,262.45,946.9,202.5,,,80.72,,,,,,,7.75,,
2008-01-01,266.33,967.9,207.2,,,81.54,,,,,,,7.75,,
2008-02-01,268.75,996.0,198.9,,,81.58,,,,,,,7.75,,
2008-03-01,275.47,1024.4,210.5,,,87.15,,,,,,,7.75,,
2008-04-01,283.12,1049.9,215.5,,,84.44,,,,,,,7.75,,
2008-05-01,267.34,1082.5,215.0,,,93.33,,,,,,,7.75,,
2008-06-01,270.16,1101.5,206.2,,,92.91,,,,,,,8.5,,
2008-07-01,268.68,1130.4,225.0,,,100.49,,,,,,,9.0,,
2008-08-01,267.33,1140.6,226.3,,,112.41,,,,,,,9.0,,
2008-09-01,268.2,1197.4,219.2,,,103.96,,,,,,,9.0,,
2008-10-01,266.75,1219.6,236.5,,,119.03,,,,,,,8.0,,
2008-11-01,265.74,1255.1,205.7,,,105.13,,,,,,,7.5,,
2008-12-01,261.53,1275.3,226.0,,,118.56,,,,,,,6.5,,
2009-01-01,258.71,1314.2,217.9,,,118.69,,,,,,,5.5,,
2009-02-01,255.12,1342.4,196.0,,,110.38,,,,,,,5.5,,
2009-03-01,246.99,1374.3,207.0,,,117.21,,,,,,,5.0,,
2009-04-01,243.67,1405.5,185.4,,,120.47,,,,,,,4.75,,
2009-05-01,240.54,1430.3,182.0,,,127.08,,,,,,,4.75,,
2009-06-01,228.44,1463.9,191.0,,,125.93,,,,,,,4.75,,
2009-07-01,222.56,1512.6,202.1,,,142.27,,,,,,,4.75,,
2009-08-01,219.49,1551.0,196.7,,,147.94,,,,,,,4.75,,
2009-09-01,213.08,1590.2,191.3,,,136.86,,,,,,,4.75,,
2009-10-01,211.18,1628.1,204.7,,,144.22,,,,,,,4.75,,
2009-11-01,208.41,1658.3,194.2,,,141.32,,,,,,,4.75,,
2009-12-01,206.45,1705.7,204.8,,,154.39,,,,,,,4.75,,
2010-01-01,204.39,1741.3,202.6,,,158.25,,,,,,,4.75,,
2010-02-01,201.63,1779.8,181.2,,,146.78,,,,,,,4.75,,
2010-03-01,183.31,1819.7,206.5,,,156.18,,,,,,,5.0,,
2010-04-01,192.88,1847.9,198.3,,,159.97,,,,,,,5.25,,
2010-05-01,190.24,1882.5,209.5,,,179.03,,,,,,,5.25,,
2010-06-01,189.44,1919.1,202.0,,,168.23,,,,,,,5.25,,
2010-07-01,189.27,1957.0,219.0,,,188.37,,,,,,,5.75,,
2010-08-01,188.54,2000.9,226.1,,,205.52,,,,,,,5.75,,
2010-09-01,184.26,2038.3,210.9,,,190.37,,,,,,,6.0,,
2010-10-01,182.17,2081.4,229.1,,,214.92,,,,,,,6.0,,
2010-11-01,181.88,2118.8,230.4,,,208.8,,,,,,,6.25,,
2010-12-01,181.02,2160.4,234.9,,,213.91,,,,,,,6.25,,
2011-01-01,181.36,2182.1,240.8,,,222.32,,,,,,,6.5,89.5,
2011-02-01,181.33,2223.7,216.5,,,205.46,,,,,,,6.5,88.4,
2011-03-01,180.39,2278.4,234.1,,,213.73,,,,,,,6.75,88.4,
2011-04-01,177.8,2302.6,234.0,,,4220.1,,,,,,,6.75,89.1,
2011-05-01,176.6,2349.8,255.2,,,4278.5,,,,,,,7.25,89.8,
2011-06-01,176.6,2395.2,243.6,,,4156.3,,,,,,,7.5,90.6,
2011-07-01,176.5,2433.4,257.8,,,4412.5,,,,,,,8.0,91.8,
2011-08-01,175.8,2514.8,278.7,,,4422.3,,,,,,,8.0,92.7,
2011-09-01,176.2,2519.7,257.6,,,4357.2,,,,,,,8.25,93.8,
2011-10-01,176.2,2555.6,288.3,,,4803.7,,,,,,,8.5,94.8,
2011-11-01,176.4,2598.3,265.9,,,4440.7,,,,,,,8.5,95.2,
2011-12-01,176.7,2638.0,283.3,,,4735.7,,,,,,,8.5,94.7,
2012-01-01,177.4,2680.0,300.0,,,4647.3,,,,,,,8.5,95.1,6.26
2012-02-01,175.7,2736.5,267.7,,,4603.2,,,,,,,8.5,95.5,8.03
2012-03-01,176.5,2782.8,289.5,,,5017.0,,,,,,,8.5,96.4,9.05
2012-04-01,177.72203,2818.96365,296.75142,,,4836.55442,,,,,,,8.0,97.8,9.76
2012-05-01,179.00756,2863.16295,303.61972,,,4923.65144,,,,,,,8.0,98.6,9.8
2012-06-01,180.13578,2906.77993,297.08109,,,4701.65858,,,,,,,8.0,99.8,10.15
2012-07-01,181.52748,2940.77943,335.77295,,,4703.45475,,,,,,,8.0,101.1,10.13
2012-08-01,182.37281,2985.72426,327.33961,,,4626.58552,,,,,,,8.0,102.2,10.25
2012-09-01,183.79623,3024.81807,306.26262,,,4568.5091,,,,,,,8.0,102.9,9.7
2012-10-01,185.33052,3068.33366,358.44941,,,4826.12579,,,,,,,8.0,103.6,9.28
2012-11-01,186.67689,3094.77518,342.0197824,,,4744.27426,,,,,,,8.0,104.3,9.56
2012-12-01,188.65537,3144.36803,363.19754,,,4916.80894,,,,,,,8.0,104.6,10.45
2013-01-01,190.38319,3203.50288,372.16857,,,4946.20176,,,,,,,7.75,105.1,10.52
2013-02-01,192.35148,3256.51757,331.2148123,,,4684.86036,,,,,,,7.75,105.3,
2013-03-01,195.54297,3311.9672,358.42252,,,5273.81264,,,,,,,7.5,105.5,
2013-04-01,195.53677,3368.66879,379.68114,,,5187.05063,,,,,,,7.5,106.1,
2013-05-01,195.89918,3422.45876,405.1003,,,5253.48452,,,,,,,7.25,107.5,9.03
2013-06-01,191.32467,3485.11646,370.18287,,,5157.85778,,,,,,,7.25,109.3,
2013-07-01,187.82298,3554.17741,444.27342,,,5393.12525,,,,,,,7.25,111.0,
2013-08-01,184.43838,3623.37081,433.91518,,,5521.3138,,,,,,,7.25,112.4,
2013-09-01,185.74936,3677.94961,420.41541,,,5470.06065,,,,,,,7.5,113.7,
2013-10-01,185.78309,3741.92339,453.75181,,,5931.65856,,,,,,,7.75,114.8,
2013-11-01,187.47076,3814.6428,420.7424,,,5618.69672,,,,,,,7.75,116.3,
2013-12-01,186.86136,3725.06779,459.10624,,,5826.47021,,,,,,,7.75,114.5,
2014-01-01,189.7416,3803.32001,458.52754,,,5922.20737,,,,,,,8.0,113.6,8.6
2014-02-01,190.5221,3865.8243,410.63222,,,5504.2537,,,,,,,8.0,113.6,7.88
2014-03-01,191.81567,3944.21738,464.01963,,,6284.78994,,,,,,,8.0,114.2,8.25
2014-04-01,192.26475,3996.52017,467.41745,,,6103.00727,,,,,,,8.0,115.1,8.48
2014-05-01,193.91237,4017.2,475.49989,,,6273.5,,,,,,,8.0,115.8,8.33
2014-06-01,194.7655,4090.34442,485.689,,,6153.72348,,,,,,,8.0,116.7,6.77
2014-07-01,196.14232,4139.19085,512.40307,,,6476.00277,,,,,,,8.0,119.2,7.39
2014-08-01,197.8,4239.5,508.5,,,6549.5,,,,,,,8.0,120.3,7.03
2014-09-01,198.84463,4310.43405,505.02809,,,6565.59782,,,,,,,8.0,120.1,5.63
2014-10-01,199.54598,4440.27326,549.25273,,,6763.99308,,,,,,,8.0,120.1,4.62
2014-11-01,201.4,4659.8,486.6,,,6357.2,,,,,,,8.0,120.1,3.27
2014-12-01,203.6,5000.8,565.3,,,6646.8,,,,,,,8.0,119.4,4.28
2015-01-01,206.12165,5247.87926,565.82337,,,6770.40623,,,,,,,7.75,119.5,5.19
2015-02-01,208.57696,5380.31734,499.15966,,,6382.91073,,,,,,,7.75,119.7,5.37
2015-03-01,211.10653,5534.51553,573.4422,,,7003.10861,,,,,,,7.5,120.2,5.25
2015-04-01,212.87902,5646.36256,577.39749,,,6961.14948,,,,,,,7.5,120.7,4.87
2015-05-01,214.80389,5708.09719,605.98617,,,7255.9558,,,,,,,7.5,121.6,5.01
2015-06-01,216.41454,5757.56915,626.37274,,,7061.01537,,,,,,,7.25,123.0,5.4
2015-07-01,220.00749,5868.03158,652.43833,,,7501.4113,,,,,,,7.25,123.6,3.69
2015-08-01,223.32767,5985.08555,659.95411,,,7691.9211,,,,,,,7.25,124.8,3.74
2015-09-01,224.4696,6033.50917,628.96177,,,7452.35698,,,,,,,6.75,125.4,4.41
2015-10-01,228.80607,6107.78103,694.3686,,,8032.5,,,,,,,6.75,126.1,5.0
2015-11-01,224.75006,6246.3,665.33933,,,7744.5,,,,,,,6.75,126.6,5.41
2015-12-01,227.46723,6431.9,699.00015,,,8161.2,,,,,,,6.75,126.1,5.61
2016-01-01,237.82202,6533.63198,702.24396,,,8175.05597,,,,,,,6.75,126.3,5.69
2016-02-01,241.26523,6583.78788,676.33518,,,7987.03414,,,,,,,6.75,126.0,5.26
2016-03-01,245.05219,6615.36018,728.32925,,,8445.90741,,,,,,,6.75,126.0,4.83
2016-04-01,248.59919,6711.87187,734.19402,,,8516.83079,,,,,0.0,,6.5,127.3,5.47
2016-05-01,251.47902,6800.1068,790.57403,,,8715.35846,,,,,0.0,,6.5,128.6,5.76
2016-06-01,255.42269,6911.42157,768.97923,,,8503.74592,,,,,0.0,,6.5,130.1,5.77
2016-07-01,259.43794,6972.22455,800.47048,,,8812.03432,,,,,0.09,,6.5,131.1,6.07
2016-08-01,263.7894,7124.65787,846.01242,,,8872.67444,,,,,0.09,,6.5,131.1,5.05
2016-09-01,268.56758,7281.95958,785.30855,,,8673.25283,,,,,0.09,,6.5,130.9,4.39
2016-10-01,273.44842,7482.78909,894.85806,,,9426.51385,,,,,0.1,,6.25,131.4,4.2
2016-11-01,277.83026,7511.97796,983.14444,,,7978.22285,,,,,0.29,,6.25,131.2,3.63
2016-12-01,283.21039,7644.31356,1164.58762,,,10459.2819,,,,,1.99,,6.25,130.4,3.41
2017-01-01,288.45858,7785.65537,1132.42575,,,10409.70708,,,,,4.46,,6.25,130.3,3.17
2017-02-01,290.78655,7594.21228,953.50347,,,9443.16668,,,,,4.38,,6.25,130.6,3.65
2017-03-01,298.42235,7716.49172,1080.99506,,,9812.80948,,,,,6.37,,6.25,130.9,3.89
2017-04-01,303.74102,7807.95417,1070.59782,,,9331.59663,,,,,7.2,,6.25,131.1,2.99
2017-05-01,308.56236,7903.57565,1158.76892,,,9253.17377,,,,,9.36,,6.25,131.4,2.18
2017-06-01,314.777,7975.41881,1100.26442,,,9276.3674,,,,,10.35,,6.25,132.0,1.46
2017-07-01,320.56929,8040.51123,1113.75512,,,9651.69762,,,,,11.63,,6.25,134.2,2.36
2017-08-01,326.45679,8108.68624,1159.85835,,,9860.32912,,,,,16.8,,6.0,135.4,3.28
2017-09-01,333.42644,8197.62867,1132.86775,,,9927.78673,,,,,30.98,,6.0,135.2,3.28
2017-10-01,338.70443,8262.5473,1240.43614,,,10218.70737,,,,,76.96,,6.0,136.1,3.58
2017-11-01,347.75605,8328.88354,1165.8753,,,10022.96886,,,,,105.02,,6.0,137.6,4.88
2017-12-01,354.96202,8424.71191,1244.82521,,,10543.19993,,,,,145.64,,6.0,137.2,5.21
2018-01-01,362.3824,8466.97494,1307.25181,,,10429.39253,,,,,151.83,,6.0,136.9,5.07
2018-02-01,369.35373,8554.45369,1154.42603,,,10002.84078,,,,,171.4,,6.0,136.4,4.44
2018-03-01,374.84955,8610.76,1280.77981,,,10938.42969,,,,,178.05,,6.0,136.5,4.28
2018-04-01,377.82876,9063.56781,1330.45787,,,10927.0469,,,,,190.08,,6.0,137.1,4.58
2018-05-01,386.0463,9239.62,1390.39268,,,11001.6628,,,,,189.48,,6.0,137.8,4.87
2018-06-01,393.80747,9442.74,1367.25242,,,11115.3309,,,,,246.37,,6.25,138.5,4.92
2018-07-01,401.66013,9620.0,1458.10422,,,11491.111,,,,,273.75,,6.25,139.8,4.17
2018-08-01,410.41092,9801.97288,1450.4082,,,11626.9427,,,,,312.02,,6.5,140.4,3.69
2018-09-01,417.758,9824.49131,1390.30687,,,11610.8633,,,,,405.87,,6.5,140.2,3.7
2018-10-01,426.752,9971.057,1619.7307,,,12622.4321,,,,,482.36,,6.5,140.7,3.38
2018-11-01,432.354,9925.63,1466.46407,,,12159.6192,,,,,524.94,,6.5,140.8,2.33
2018-12-01,442.138,9581.5,1592.17121,,,13009.9549,,,,,620.17,,6.5,140.1,2.11
2019-01-01,451.71,9233.95544,1604.28967,,,12540.1283,,,,,672.75,,6.5,139.6,1.97
2019-02-01,460.616,9309.44419,1421.28778,,,11643.9693,,,,,674.19,,6.25,139.9,2.57
2019-03-01,470.886,9058.13162,1632.74155,,,12989.8941,,,,,799.54,,6.25,140.4,2.86
2019-04-01,479.968,8602.94723,1677.85442,,,12219.8935,,,,,781.79,,6.0,141.2,2.99
2019-05-01,489.20802,8004.37073,1740.42606,,,12282.411,,,,,733.54,,6.0,142.0,3.05
2019-06-01,496.48103,8119.44533,1640.45532,,,12126.1948,,,,,754.54,,5.75,142.9,3.18
2019-07-01,502.63911,8153.85724,1792.82148,,,12416.5538,,,,,822.29,,5.75,144.2,3.15
2019-08-01,517.65489,8261.30369,1804.30796,,,12436.2756,,,,,918.35,,5.4,145.0,3.28
2019-09-01,525.89719,8355.93848,1802.88189,,,12089.5515,,,,,955.02,,5.4,145.8,3.99
2019-10-01,533.58641,8436.22237,2036.00032,,,13140.4329,,,,,1148.36,,5.15,147.2,4.62
2019-11-01,544.10765,8307.5859,1762.12447,1033.5223,728.60217,4180.83816511,2483.17672539,1697.66143972,41.28351,,1218.77,,5.15,148.6,5.54
2019-12-01,553.32847,8053.24206,2036.63822,1181.08671,855.55151,4448.7488,2634.17604,1814.57276,42.48777,,1308.4,,5.15,150.4,7.35
2020-01-01,561.20245,8164.1,2017.27299,1160.35476,856.91823,4500.84588,2587.37895078,1913.46692922,42.91612,,1305.02,,5.15,150.2,7.59
2020-02-01,571.5809,8230.22953,1882.94,1072.5,810.44,4245.74409,2455.91592,1789.82817,43.70702,,1325.69,,5.15,149.1,6.58
2020-03-01,577.45105,8285.61639,1638.57148,900.63829,737.93319,3608.1258,1925.24911147,1682.87668853,44.33973,,1246.84,,4.4,148.6,5.84
2020-04-01,573.60145,8294.46698,768.53233,283.25878,485.27355,2053.66204,676.32211859,1377.33992141,43.91388,,999.57,,4.4,151.4,
2020-05-01,571.79899,8353.4912,1028.86387,432.30148,596.56239,2658.81667,1121.14733694,1537.66933306,43.22169,,1234.5,496.07,4.0,150.9,
2020-06-01,572.89033,8454.14384,1248.54866,588.57604,659.97262,3002.33734,1475.38458,1526.95276,43.2583,,1336.93,517.85,4.0,151.8,6.23
2020-07-01,576.32047,8523.55001,1319.66372,601.62907,718.03465,3161.93045,1461.94364386,1699.98680614,43.57123,,1497.36,578.15,4.0,153.9,6.73
2020-08-01,578.30597,8553.72729,1425.10546,659.46914,765.63632,3389.42109,1647.46749038,1741.95359962,43.5518,,1618.83,626.28,4.0,154.7,6.69
2020-09-01,586.94212,8654.35,1486.70569,713.37216,773.33353,3507.81077,1758.83403996,1748.97673004,44.23465,604.07061,1800.14,707.82,4.0,156.4,7.27
2020-10-01,594.19834,8741.65072,1718.03116,818.33411,899.69705,3932.66485,1983.98190807,1948.68294193,45.81333,657.45,2071.62,844.45,4.0,158.4,7.61
2020-11-01,601.13014,8927.0201,1662.57534,874.81633,787.75901,3765.74526,2112.56301,1653.18225,45.7674,697.81998,2210.23,885.55,4.0,158.9,6.93
2020-12-01,603.97,8856.6,1737.79292,914.20241,823.59051,3765.08868,2165.4984976,1599.5901824,45.85005,752.30876,2234.16,950.45,4.0,157.3,4.59
2021-01-01,610.98,8880.65,1744.2,926.09,818.11,3699.54322,2132.36734341,1567.17587659,46.54521,805.89199,2302.73,1008.62,4.0,156.3,4.06
2021-02-01,616.47183,8940.01925,1613.77459,863.90527,749.86932,3445.46487,2008.86753,1436.59734,47.14916,875.85685,2292.9,1011.1,4.0,156.6,5.03
2021-03-01,620.49087,8982.01796,1887.27091,1012.859975,874.410935,3763.05309,2229.11810099,1533.93498901,47.20077,925.21682,2731.68,1216.15,4.0,156.8,5.52
2021-04-01,622.6042,9005.0,1575.31597,782.313625,793.002345,3213.23241,1794.3718745,1418.8605355,45.24724,978.18719,2641.06,1192.53,4.0,157.8,4.23
2021-05-01,623.93434,9019.71,1344.73103,509.45797,835.27306,2556.59647,1127.83623573,1428.76023427,45.20278,990.22,2539.57,1142.58,4.0,160.4,6.3
2021-06-01,628.15482,9056.31,1547.00942,690.3955525,856.6138675,2946.74079,1505.09483533,1441.64595467,45.93265,1026.76,2807.51,1257.43,4.0,161.3,6.26
2021-07-01,634.14463,9056.29,1820.48822,900.27492,920.2133,3405.36735,1901.64015574,1503.72719426,46.07703,1078.8,3247.82,1466.03,4.0,162.5,5.59
2021-08-01,639.34371,9132.63,1904.70608,984.62112,920.08496,3588.29212,2119.63421,1468.65791,48.16066,1142.06,3555.55,1609.74,4.0,162.9,5.3
2021-09-01,650.25075,9193.84,1847.20792,961.5282,885.67972,3490.29003,2052.99833,1437.2917,49.76716,1205.19,3654.3,1638.54,4.0,163.2,4.35
2021-10-01,663.60808,9328.34,2155.81179,1075.23052,1080.58127,3852.94885,2302.5569,1550.39195,51.55025,1285.05,4218.65,1711.53,4.0,165.5,4.48
2021-11-01,675.83,9340.07,2011.16,1068.93,942.23,3407.0169,2112.04967,1294.96723,52.92,1373.33,4186.48,1638.54,4.0,166.7,4.91
2021-12-01,689.48699,9377.41694,2112.58709,1093.48252,1019.10457,3499.21321,2202.50704786,1296.70616214,54.98311,1440.10245,4566.3,1754.3,4.0,166.2,5.66
2022-01-01,702.52069,9409.28583,1958.05371,960.62693,997.42678,3192.99517,1924.51456166,1268.48060834,56.19986,1521.05167,4617.15,1859.54,4.0,165.7,6.01
2022-02-01,717.07614,9350.65914,1884.23984,963.40083,920.83901,2956.22576,1845.44517,1110.78059,58.3387,1600.19118,4527.49,1895.84,4.0,166.1,6.07
2022-03-01,736.2733,9176.65707,2237.51212,1134.33127,1103.18085,3275.18914,2078.45477,1196.73437,60.70142,1727.33615,5405.65,2204.5,4.0,167.7,6.95
2022-04-01,751.66069,9205.17551,2229.30163,1152.8719125,1076.4297175,3311.86797,2131.76926,1180.09871,61.26144,1807.21191,5583.05,2263.2,4.0,170.1,7.79
2022-05-01,768.7698,9176.2128,2378.03107,1220.26225,1157.76882,3315.64775,2150.28115,1165.3666,61.69175,1881.16325,5955.2,2546.65,4.4,171.7,7.04
2022-06-01,787.22617,9154.51104,2279.45728,1210.50714,1068.95014,3089.98653,2012.27015,1077.71638,65.9089,1952.91415,5862.75,2560.08,4.9,172.6,7.01
2022-07-01,802.55722,9281.34494,2348.33761,1220.69302,1127.64459,3133.46528,2052.26473,1081.20055,68.19488,2013.0164,6288.4,2999.25,4.9,173.4,6.71
2022-08-01,779.91469,9350.25959,2447.83112,1330.53592,1117.2952,3033.46938,2009.830455,1023.638925,70.57534,2092.54445,6579.63,3290.37,5.4,174.3,7.0
2022-09-01,777.01744,9385.37898,2453.05576,1311.62791,1141.42785,2899.37815,1887.57942,1011.79873,70.35017,2164.29798,6780.8,3547.19,5.9,175.3,7.41
2022-10-01,793.67754,9442.31664,2554.01954,1400.50765,1153.51189,2962.37803,2045.27467,917.10336,72.11092,2253.22669,7305.42,3868.76,5.9,176.7,6.77
2022-11-01,806.06319,9477.2888,2347.73323,1275.99426,1071.73897,2608.28281,1779.46232,828.82049,73.51681,2302.87297,7309.45,3907.96,5.9,176.5,5.88
2022-12-01,811.86874,9394.65892,2556.46505,1405.78775,1150.6773,2667.10247,1859.32815,807.77432,75.50065,2361.81825,7829.49,4227.3,6.25,175.7,5.72
2023-01-01,824.52029,9455.81088,2593.52054,1409.18856,1184.33198,2510.09094,1742.50574,767.5852,76.57412,2442.34238,8036.89,4410.94,6.25,176.5,6.52
2023-02-01,833.65756,9541.21549,2323.20224,1255.88235,1067.31989,2265.3106,1581.94739,683.36321,77.58264,2500.89414,7534.76,4153.2,6.5,176.8,6.44
2023-03-01,853.03238,9612.58764,2634.2898,1404.59965,1229.69015,2382.49573,1652.34771,730.14802,77.89512,2563.7676,8685.3,4826.25,6.5,177.2,5.66
2023-04-01,865.12698,9670.11806,2592.55046,1408.2001,1184.35036,2295.38468,1633.95553,661.42915,78.37235,2609.07677,8863.26,5029.74,6.5,178.1,4.7
2023-05-01,877.47311,9739.26235,2734.74265,1419.98076,1314.76189,2239.76702,1592.87361,646.89341,79.60626,2667.57057,9415.19,5369.7,6.5,179.1,4.31
2023-06-01,886.82356,9758.33131,2629.04944,1378.70682,1250.34262,2102.23617,1499.66109,602.57508,80.93909,2720.15427,9335.06,5363.63,6.5,181.0,4.87
2023-07-01,898.73251,9707.40526,2780.8989,1434.20966,1346.68924,2101.31454,1485.20969,616.10485,81.22659,2807.25218,9964.61,5780.19,6.5,186.3,7.44
2023-08-01,912.78257,9780.56921,2905.77652,1520.79075,1384.98577,2075.941,1495.72454,580.21646,82.46614,2881.64224,10586.02,6197.18,6.5,186.2,6.83
2023-09-01,930.17482,9782.86201,2739.42907,1420.9553,1318.47377,1839.04344,1326.08592,513.25557,83.03183,2950.05751,10555.69,6181.57,6.5,184.1,5.02
2023-10-01,947.10817,9801.70746,3200.47713,1596.74344,1603.73369,1904.23479,1375.2848,528.94999,83.48085,3017.20198,11408.79,6719.37,6.5,185.3,4.87
2023-11-01,960.01382,9764.98674,2970.89633,1583.65586,1387.24047,1771.65904,1301.94738,469.71166,84.32188,3087.38854,11235.29,6585.81,6.5,186.3,5.55
2023-12-01,979.04611,9608.80694,3214.99532,1706.7044,1508.29092,1768.1564,1301.59292,466.56348,85.67404,3170.65667,12020.23,7265.44,6.5,185.7,5.69
2024-01-01,995.00257,9575.65545,3289.51519,1725.58618,1563.92901,1644.6753,1193.17514,451.50016,85.93226,3213.79274,12203.02,7449.93,6.5,185.5,5.1
2024-02-01,1006.00166,9606.70824,3112.44411,1618.50185,1493.94226,1522.47458,1108.96022,413.51436,87.73202,3371.8026,12102.67,7359.98,6.5,185.8,5.09
2024-03-01,1018.02736,9649.19399,3439.37776,1800.04266,1639.3351,1594.7514,1163.77339,430.97801,89.02926,3434.92584,13440.0,8295.97,6.5,185.8,4.85
2024-04-01,1025.39752,9509.44926,3441.50699,1843.35568,1598.15131,1518.61472,1126.31252,392.3022,88.38746,5597.20407,13303.99,8307.47,6.5,186.7,4.83
2024-05-01,1033.00377,9565.98286,3601.35663,1906.57554,1694.78109,1503.81627,1114.34556,389.47071,88.04112,5690.84478,14035.84,8804.83,6.5,187.7,4.8
2024-06-01,1038.13018,9624.2399,3579.49455,1895.39729,1684.09726,1423.93548,1063.57519,360.36029,89.66994,5770.15207,13885.14,8720.75,6.5,190.2,5.08
2024-07-01,1045.68437,9632.02289,3837.79537,1970.93825,1866.85712,1456.55829,1068.57603,387.98226,89.71653,5851.13612,14435.55,8999.59,6.5,193.0,3.6
2024-08-01,1054.24368,9685.49216,3900.49324,2023.95092,1876.54232,1422.44889,1061.39893,361.04996,93.00689,5912.92586,14963.05,9337.28,6.5,193.0,3.65
2024-09-01,1061.03318,9732.81885,3921.62365,1978.05269,1943.57096,1353.64044,995.04958,358.59086,93.42792,6070.78667,15041.75,9352.88,6.5,194.2,5.49
2024-10-01,1068.89655,9809.10678,4332.13786,2196.72648,2135.41138,1427.17406,1060.16989,367.00417,95.09265,6168.51592,16584.97,10303.18,6.5,196.8,6.21
2024-11-01,1072.3971,9795.71767,3936.03746,2036.02021,1900.01725,1231.88968,916.24242,315.64726,96.90872,6261.79913,15482.02,9648.87,6.5,196.5,5.48
2024-12-01,1080.55905,9909.48054,4328.49503,2240.03238,2088.46265,1280.09805,964.50208,315.59597,100.00549,6335.29503,16730.01,10394.38,6.5,195.4,5.22
2025-01-01,1088.73184,9820.39277,4305.72385,2177.43317,2128.29068,1216.69427,910.91391,305.78036,103.5273,6401.64702,16996.0,10569.75,6.5,193.4,4.26
2025-02-01,1093.15356,9856.76745,3969.5909,1999.95593,1969.63497,1082.49702,803.42355,279.07347,107.17514,6496.9128,16106.19,10066.74,6.25,192.5,3.61
2025-03-01,1098.84686,9908.12421,4586.50423,2302.66329,2283.84094,1203.01951,895.81561,307.2039,110.98051,6579.29517,18301.51,11461.06,6.25,192.0,3.34
2025-04-01,1104.37069,9959.83731,4502.70226,2281.40764,2221.29462,1170.93484,875.30236,295.63248,112.83266,6623.84943,17893.42,11353.6,6.25,192.6,3.16
2025-05-01,1110.49553,10003.69817,4676.93491,2359.14154,2317.79337,1150.46827,861.56629,288.90198,115.81161,6697.29906,18677.46,11853.66,6.25,193.0,2.82
2025-06-01,1109.69493,10051.80283,4587.10133,2338.69565,2248.40568,1085.72071,812.89624,272.82447,117.82954,6781.60811,18395.01,11709.38,6.25,194.2,2.1
2025-07-01,1118.07972,10127.27337,4861.81121,2432.75291,2429.0583,1120.6097,832.19175,288.41795,119.1308,6880.30939,19467.95,12388.11,6.25,196.1,1.61
2025-08-01,1124.95592,10180.4245,4935.77176,2501.62542,2434.14634,1120.80272,843.59478,277.20794,119.64613,6977.47231,20008.31,12705.16,6.25,197.0,2.07
2025-09-01,1135.0724,10248.0879,4952.40648,2416.14615,2536.26033,1047.39031,777.5583,269.83201,121.16102,7089.7474,19633.43,12366.97,6.25,197.0,1.44
2025-10-01,1141.33565,10271.50225,5182.89549,2609.41537,2573.48012,1096.24575,828.78827,267.45748,123.08241,7174.33868,20700.92,13027.56,6.25,197.3,0.25
2025-11-01,1150.01607,10317.03169,5029.84178,2538.3965,2491.44528,1012.11314,763.31463,248.79851,112.53425,7281.995555,20466.98,12840.49,6.25,197.9,0.71
2025-12-01,1157.91713,10343.45867,5398.34125,2726.31988,2672.02137,1049.2403,794.35329,254.88701,114.74672,7313.65285,21634.67,13482.38,6.25,198.0,1.33
2026-01-01,1166.52407,10377.5696,5397.11275,2674.94799,2722.16476,1018.29499,773.19529,245.0997,115.4521,7383.8038,21703.44,,6.25,,
2026-02-01,1177.045,10417.667,4937.955,2434.003,2503.952,917.122,689.766,227.356,116.649,7542.037,20394.18,,6.25,,
