date,source_format,credit_cards_outstanding_lakh,debit_cards_outstanding_lakh,credit_card_vol_lakh,credit_card_val_cr,credit_card_pos_vol_lakh,credit_card_pos_val_cr,credit_card_other_vol_lakh,credit_card_other_val_cr,debit_card_vol_lakh,debit_card_val_cr,debit_card_pos_vol_lakh,debit_card_pos_val_cr,debit_card_other_vol_lakh,debit_card_other_val_cr,pos_terminals_lakh,upi_qr_lakh,bharat_qr_lakh
2004-04-01,old,,,95.7,1829.0,,,,,33.05,426.65,,,,,,,
2004-05-01,old,,,98.6,1898.0,,,,,33.33,430.21,,,,,,,
2004-06-01,old,,,103.4,1909.0,,,,,33.61,433.79,,,,,,,
2004-07-01,old,,,97.7,1860.0,,,,,33.89,437.4,,,,,,,
2004-08-01,old,,,107.9,2063.0,,,,,34.17,441.05,,,,,,,
2004-09-01,old,,,100.6,2004.0,,,,,34.45,444.72,,,,,,,
2004-10-01,old,,,113.1,2252.0,,,,,34.74,448.43,,,,,,,
2004-11-01,old,,,122.5,2480.0,,,,,35.03,452.16,,,,,,,
2004-12-01,old,,,113.4,2377.0,,,,,35.32,455.93,,,,,,,
2005-01-01,old,,,116.6,2332.0,,,,,35.62,459.73,,,,,,,
2005-02-01,old,,,106.8,2202.0,,,,,35.91,463.56,,,,,,,
2005-03-01,old,,,118.5,2482.0,,,,,36.21,467.42,,,,,,,
2005-04-01,old,,,117.8,2549.0,,,,,38.29,535.12,,,,,,,
2005-05-01,old,,,129.2,3211.0,,,,,37.38,479.9,,,,,,,
2005-06-01,old,,,121.6,2714.0,,,,,35.05,635.03,,,,,,,
2005-07-01,old,,,126.8,2676.0,,,,,39.57,494.58,,,,,,,
2005-08-01,old,,,123.4,3060.0,,,,,34.21,419.9,,,,,,,
2005-09-01,old,,,119.0,2601.0,,,,,33.74,376.04,,,,,,,
2005-10-01,old,,,104.1,2505.0,,,,,41.87,456.42,,,,,,,
2005-11-01,old,,,143.3,2756.0,,,,,36.09,474.22,,,,,,,
2005-12-01,old,,,146.2,2866.0,,,,,40.36,510.84,,,,,,,
2006-01-01,old,,,147.1,2959.0,,,,,40.65,510.18,,,,,,,
2006-02-01,old,,,134.9,2873.0,,,,,38.24,470.95,,,,,,,
2006-03-01,old,,,147.5,3116.0,,,,,41.41,533.96,,,,,,,
2006-04-01,old,175.95535799999996,187.808058000002,117.7,2616.0,,,,,41.5,540.91,,,,,,,
2006-05-01,old,179.34535799999998,196.70805800000198,131.9,2971.0,,,,,44.37,586.38,,,,,,,
2006-06-01,old,184.55535799999996,216.60805800000196,125.5,2774.0,,,,,42.6,557.22,,,,,,,
2006-07-01,old,189.06535799999997,242.808058000002,133.7,2957.0,,,,,49.26,620.25,,,,,,,
2006-08-01,old,194.44535799999997,259.308058000002,139.8,3212.0,,,,,188.37,2903.02,,,,,,,
2006-09-01,old,199.18535799999995,283.708058000002,136.2,3270.0,,,,,205.52,3321.09,,,,,,,
2006-10-01,old,203.64535799999996,328.308058000002,151.7,3992.0,,,,,190.37,2985.23,,,,,,,
2006-11-01,old,209.77535799999995,333.90805800000203,139.6,3602.0,,,,,214.92,3714.37,,,,,,,
2006-12-01,old,214.78535799999997,359.00805800000194,151.9,3884.0,,,,,208.8,3722.47,,,,,,,
2007-01-01,old,219.87535799999998,368.10805800000196,161.9,4110.0,,,,,213.91,3605.89,,,,,,,
2007-02-01,old,225.33535799999996,390.00805800000194,147.3,3875.0,,,,,222.32,3712.67,,,,,,,
2007-03-01,old,230.02535799999995,419.50805800000194,158.3,4099.0,,,,,205.46,3304.43,,,,,,,
2007-04-01,old,233.82535799999997,428.40805800000203,167.4,4258.0,,,,,213.73,3356.98,,,,,,,
2007-05-01,old,240.08535799999996,454.308058000002,174.7,4296.0,,,,,224.62,3705.54,,,,,,,
2007-06-01,old,242.77535799999995,465.40805800000203,171.9,4191.0,,,,,243.87,4201.36,,,,,,,
2007-07-01,old,243.68535799999995,489.40805800000203,179.5,4451.0,,,,,238.91,3783.88,,,,,,,
2007-08-01,old,248.27535799999995,519.208058000002,188.4,4601.0,,,,,72.3,1008.71,,,,,,,
2007-09-01,old,250.19535799999997,546.208058000002,174.2,4315.0,,,,,68.91,953.07,,,,,,,
2007-10-01,old,254.955358,566.808058000002,207.5,5201.0,,,,,77.69,1117.23,,,,,,,
2007-11-01,old,257.535358,592.308058000002,199.4,5375.0,,,,,83.84,1260.0,,,,,,,
2007-12-01,old,261.24535799999995,616.608058000002,202.5,5363.0,,,,,80.72,1231.42,,,,,,,
2008-01-01,old,265.12535799999995,637.608058000002,207.2,5451.0,,,,,81.54,1141.4,,,,,,,
2008-02-01,old,267.54535799999996,665.708058000002,198.9,5183.0,,,,,81.58,1132.49,,,,,,,
2008-03-01,old,274.265358,694.1080580000021,210.5,5300.0,,,,,87.15,1188.09,,,,,,,
2008-04-01,old,281.91535799999997,719.6080580000021,215.5,5611.0,,,,,84.44,1225.51,,,,,,,
2008-05-01,old,266.13535799999994,752.208058000002,215.0,5582.0,,,,,93.33,1373.54,,,,,,,
2008-06-01,old,268.955358,771.208058000002,206.2,5262.0,,,,,92.91,1287.22,,,,,,,
2008-07-01,old,267.47535799999997,800.1080580000021,225.0,5578.0,,,,,100.49,1394.4,,,,,,,
2008-08-01,old,266.12535799999995,810.3080580000019,226.3,5801.0,,,,,112.41,1737.47,,,,,,,
2008-09-01,old,266.99535799999995,867.1080580000021,219.2,5636.0,,,,,103.96,1513.4,,,,,,,
2008-10-01,old,265.54535799999996,889.3080580000019,236.5,6442.0,,,,,119.03,1960.77,,,,,,,
2008-11-01,old,264.535358,924.8080580000019,205.7,5355.0,,,,,105.13,1558.49,,,,,,,
2008-12-01,old,260.32535799999994,945.0080580000019,226.0,5311.0,,,,,118.56,1671.64,,,,,,,
2009-01-01,old,257.50535799999994,983.908058000002,217.9,5171.0,,,,,118.69,1718.27,,,,,,,
2009-02-01,old,253.91535799999997,1012.1080580000021,196.0,4659.0,,,,,110.38,1535.25,,,,,,,
2009-03-01,old,245.78535799999997,1044.008058000002,207.0,4946.0,,,,,117.21,1571.18,,,,,,,
2009-04-01,old,242.46535799999995,1075.208058000002,185.4,4932.0,,,,,120.47,1778.2,,,,,,,
2009-05-01,old,239.33535799999996,1100.008058000002,182.0,4816.0,,,,,127.08,1887.71,,,,,,,
2009-06-01,old,227.23535799999996,1133.608058000002,191.0,4863.0,,,,,125.93,1814.71,,,,,,,
2009-07-01,old,221.35535799999997,1182.308058000002,202.1,4957.0,,,,,142.27,2097.84,,,,,,,
2009-08-01,old,218.28535799999997,1220.708058000002,196.7,4858.0,,,,,147.94,2333.46,,,,,,,
2009-09-01,old,211.87535799999998,1259.908058000002,191.3,4905.0,,,,,136.86,2113.96,,,,,,,
2009-10-01,old,209.97535799999997,1297.808058000002,204.7,5661.0,,,,,144.22,2572.28,,,,,,,
2009-11-01,old,207.20535799999996,1328.008058000002,194.2,5263.0,,,,,141.32,2256.87,,,,,,,
2009-12-01,old,205.24535799999995,1375.408058000002,204.8,5507.0,,,,,154.39,2433.8,,,,,,,
2010-01-01,old,203.18535799999995,1411.008058000002,202.6,5426.0,,,,,158.25,2491.0,,,,,,,
2010-02-01,old,200.42535799999996,1449.508058000002,181.2,4923.0,,,,,146.78,2211.16,,,,,,,
2010-03-01,old,182.10535799999997,1489.408058000002,206.5,5712.0,,,,,156.18,2427.12,,,,,,,
2010-04-01,old,191.67535799999996,1517.608058000002,198.3,5474.0,,,,,159.97,2508.32,,,,,,,
2010-05-01,old,189.03535799999997,1552.208058000002,209.5,5936.0,,,,,179.03,2958.7,,,,,,,
2010-06-01,old,188.23535799999996,1588.808058000002,202.0,5539.0,,,,,168.23,2597.49,,,,,,,
2010-07-01,old,188.06535799999997,1626.708058000002,219.0,5817.0,,,,,188.37,2903.02,,,,,,,
2010-08-01,old,187.33535799999996,1670.608058000002,226.1,6259.0,,,,,205.52,3321.09,,,,,,,
2010-09-01,old,183.05535799999996,1708.008058000002,210.9,5848.0,,,,,190.37,2985.23,,,,,,,
2010-10-01,old,180.96535799999995,1751.108058000002,229.1,6760.0,,,,,214.92,3714.37,,,,,,,
2010-11-01,old,180.67535799999996,1788.5080580000022,230.4,6922.0,,,,,208.8,3722.47,,,,,,,
2010-12-01,old,179.81535799999997,1830.108058000002,234.9,6846.0,,,,,213.91,3605.89,,,,,,,
2011-01-01,old,180.15535799999998,1851.808058000002,240.8,6935.0,,,,,222.32,3712.67,,,,,,,
2011-02-01,old,180.12535799999998,1893.4080580000018,216.5,6213.0,,,,,205.46,3304.43,,,,,,,
2011-03-01,old,179.18535799999995,1948.108058000002,234.1,6967.0,,,,,213.73,3356.98,,,,,,,
2011-04-01,old,176.59535799999998,1972.308058000002,234.0,7152.0,,,,,4220.1,109871.0,,,,,,,
2011-05-01,old,175.39535799999996,2019.5080580000022,255.2,7981.0,,,,,4278.5,116833.0,,,,,,,
2011-06-01,old,175.39535799999996,2064.908058000002,243.6,7287.0,,,,,4156.3,113638.0,,,,,,,
2011-07-01,old,175.29535799999996,2103.108058000002,257.8,7568.0,,,,,4412.5,116976.0,,,,,,,
2011-08-01,old,174.59535799999998,2184.508058000002,278.7,8188.0,,,,,4422.3,116834.0,,,,,,,
2011-09-01,old,174.99535799999995,2189.408058000002,257.6,7794.0,,,,,4357.2,113358.0,,,,,,,
2011-10-01,old,174.99535799999995,2225.308058000002,288.3,9105.0,,,,,4803.7,129001.0,,,,,,,
2011-11-01,old,175.19535799999997,2268.008058000002,265.9,8025.0,,,,,4440.7,118710.0,,,,,,,
2011-12-01,old,175.49535799999995,2307.708058000002,283.3,8533.0,,,,,4735.7,129119.0,,,,,,,
2012-01-01,old,176.19535799999997,2349.708058000002,300.0,8977.0,,,,,4647.3,127121.0,,,,,,,
2012-02-01,old,174.49535799999995,2406.208058000002,267.7,8304.0,,,,,4603.2,125373.0,,,,,,,
2012-03-01,old,175.29535799999996,2452.508058000002,289.5,8958.0,,,,,5017.0,136370.0,,,,,,,
2012-04-01,old,176.51738799999995,2488.671708000002,296.75142,10220.5574,,,,,4836.55442,133104.6732,,,,,,,
2012-05-01,old,177.80291799999998,2532.871008000002,303.61972,9420.8474,,,,,4923.65144,137903.4921,,,,,,,
2012-06-01,old,178.93113799999998,2576.487988000002,297.08109,9115.0209,,,,,4701.65858,135985.3838,,,,,,,
2012-07-01,old,180.32283799999996,2610.487488000002,335.77295,9994.249542,,,,,4703.45475,141553.4695,,,,,,,
2012-08-01,old,181.16816799999995,2655.432318000002,327.33961,9706.101807,,,,,4626.58552,138899.3325,,,,,,,
2012-09-01,old,182.59158799999997,2694.526128000002,306.26262,9501.929789,,,,,4568.5091,136318.2683,,,,,,,
2012-10-01,old,184.12587799999997,2738.0417180000018,358.44941,10992.56771,,,,,4826.12579,148415.1821,,,,,,,
2012-11-01,old,185.47224799999995,2764.483238000002,342.0197824,11212.49484,,,,,4744.27426,152427.5362,,,,,,,
2012-12-01,old,187.45072799999997,2814.076088000002,363.19754,11256.1031,,,,,4916.80894,153034.0587,,,,,,,
2013-01-01,old,189.17854799999998,2873.210938000002,372.16857,11514.84472,,,,,4946.20176,157489.9869,,,,,,,
2013-02-01,old,191.14683799999997,2926.225628000002,331.2148123,10221.02056,,,,,4684.86036,145179.2617,,,,,,,
2013-03-01,old,194.33832799999996,2981.675258000002,358.42252,11271.02713,,,,,5273.81264,162327.8657,,,,,,,
2013-04-01,old,194.33212799999995,3038.376848000002,379.68114,12550.998181,,,,,5187.05063,164173.63271,,,,,,,
2013-05-01,old,194.69453799999997,3092.166818000002,405.1003,12597.201515,,,,,5253.48452,169144.67288,,,,,,,
2013-06-01,old,190.12002799999996,3154.824518000002,370.18287,11501.679309,,,,,5157.85778,164389.606578,,,,,,,
2013-07-01,old,186.61833799999997,3223.8854680000018,444.27342,12677.071651,,,,,5393.12525,165586.491054,,,,,,,
2013-08-01,old,183.23373799999996,3293.078868000002,433.91518,12342.967607,,,,,5521.3138,165071.225912,,,,,,,
2013-09-01,old,184.54471799999996,3347.657668000002,420.41541,12056.12737,,,,,5470.06065,162174.5486,,,,,,,
2013-10-01,old,184.57844799999995,3411.631448000002,453.75181,13639.116862,,,,,5931.65856,183063.885756,,,,,,,
2013-11-01,old,186.26611799999998,3484.350858000002,420.7424,12788.68145,,,,,5618.69672,174655.413219,,,,,,,
2013-12-01,old,185.65671799999996,3394.775848000002,459.10624,13657.392398,,,,,5826.47021,178096.712238,,,,,,,
2014-01-01,old,188.53695799999997,3473.028068000002,458.52754,14312.607085,,,,,5922.20737,180729.563719,,,,,,,
2014-02-01,old,189.31745799999996,3535.532358000002,410.63222,12833.0794,,,,,5504.2537,165013.517,,,,,,,
2014-03-01,old,190.61102799999998,3613.925438000002,464.01963,14714.900207,,,,,6284.78994,188186.958496,,,,,,,
2014-04-01,old,191.06010799999996,3666.2282280000018,467.41745,14739.887034,,,,,6103.00727,183031.039181,,,,,,,
2014-05-01,old,192.70772799999997,3686.908058000002,475.49989,15213.0,,,,,6273.5,196957.0,,,,,,,
2014-06-01,old,193.56085799999997,3760.052478000002,485.689,15027.124972,,,,,6153.72348,188558.522594,,,,,,,
2014-07-01,old,194.93767799999998,3808.898908000002,512.40307,15380.46862,,,,,6476.00277,195390.153607,,,,,,,
2014-08-01,old,196.59535799999998,3909.208058000002,508.5,15251.0,,,,,6549.5,192987.0,,,,,,,
2014-09-01,old,197.63998799999996,3980.142108000002,505.02809,15366.62051,,,,,6565.59782,195197.9947,,,,,,,
2014-10-01,old,198.34133799999995,4109.981318000002,549.25273,17313.71268,,,,,6763.99308,204257.3055,,,,,,,
2014-11-01,old,200.19535799999997,4329.508058000002,486.6,15182.0,,,,,6357.2,193497.0,,,,,,,
2014-12-01,old,202.39535799999996,4670.508058000002,565.3,17438.0,,,,,6646.8,211079.0,,,,,,,
2015-01-01,old,204.91700799999995,4917.587318000002,565.82337,17567.2603,,,,,6770.40623,203763.223,,,,,,,
2015-02-01,old,207.37231799999998,5050.025398000002,499.15966,15650.2534,,,,,6382.91073,174970.3825,,,,,,,
2015-03-01,old,209.90188799999996,5204.223588000002,573.4422,18133.1943,,,,,7003.10861,209576.3035,,,,,,,
2015-04-01,old,211.67437799999996,5316.070618000002,577.39749,18150.8365,,,,,6961.14948,211558.0333,,,,,,,
2015-05-01,old,213.59924799999996,5377.805248000002,605.98617,19098.8937,,,,,7255.9558,221398.3784,,,,,,,
2015-06-01,old,215.20989799999995,5427.277208000002,626.37274,17453.0082,,,,,7061.01537,209199.1852,,,,,,,
2015-07-01,old,218.80284799999995,5537.739638000002,652.43833,19847.9814,,,,,7501.4113,221792.3,,,,,,,
2015-08-01,old,222.12302799999998,5654.793608000002,659.95411,20157.2089,,,,,7691.9211,220998.1983,,,,,,,
2015-09-01,old,223.26495799999998,5703.217228000002,628.96177,19268.4147,,,,,7452.35698,213802.6573,,,,,,,
2015-10-01,old,227.60142799999997,5777.489088000002,694.3686,21907.9485,,,,,8032.5,234436.0,,,,,,,
2015-11-01,old,223.54541799999996,5916.008058000002,665.33933,21027.0,,,,,7744.5,229929.0,,,,,,,
2015-12-01,old,226.26258799999997,6101.608058000002,699.00015,21469.0,,,,,8161.2,235044.0,,,,,,,
2016-01-01,old,236.61737799999997,6203.340038000002,702.24396,21439.0409,,,,,8175.05597,232798.9053,,,,,,,
2016-02-01,old,240.06058799999997,6253.495938000002,676.33518,20908.3046,,,,,7987.03414,227061.0143,,,,,,,
2016-03-01,old,243.84754799999996,6285.068238000002,728.32925,22974.6155,,,,,8445.90741,238045.3653,,,,,,,
2016-04-01,old,247.39454799999996,6381.579928000002,734.19402,23010.9654,,,,,8516.83079,240013.2278,,,,,,,
2016-05-01,old,250.27437799999996,6469.814858000002,790.57403,25244.3547,,,,,8715.35846,235736.4351,,,,,,,
2016-06-01,old,254.21804799999995,6581.129628000002,768.97923,24241.0773,,,,,8503.74592,235948.087,,,,,,,
2016-07-01,old,258.233298,6641.932608000002,800.47048,24633.6555,,,,,8812.03432,236256.9932,,,,,,,
2016-08-01,old,262.58475799999997,6794.365928000002,846.01242,26052.8286,,,,,8872.67444,238027.9944,,,,,,,
2016-09-01,old,267.362938,6951.667638000002,785.30855,24482.9624,,,,,8673.25283,237908.3498,,,,,,,
2016-10-01,old,272.24377799999996,7152.497148000002,894.85806,30242.081,,,,,9426.51385,276722.731,,,,,,,
2016-11-01,old,276.625618,7181.686018000002,983.14444,26698.7031,,,,,7978.22285,155625.8993,,,,,,,
2016-12-01,old,282.005748,7314.021618000002,1164.58762,31237.21,,,,,10459.2819,142965.3322,,,,,,,
2017-01-01,old,287.25393799999995,7455.363428000002,1132.42575,32862.2248,,,,,10409.70708,200647.8613,,,,,,,
2017-02-01,old,289.58190799999994,7263.920338000002,953.50347,28895.21,,,,,9443.16668,228681.5305,,,,,,,
2017-03-01,old,297.21770799999996,7386.199778000002,1080.99506,33619.6126,,,,,9812.80948,261644.8699,,,,,,,
2017-04-01,old,302.53637799999996,7477.662228000002,1070.59782,33375.6276,,,,,9331.59663,254916.7912,,,,,,,
2017-05-01,old,307.357718,7573.283708000002,1158.76892,36401.5865,,,,,9253.17377,254169.5644,,,,,,,
2017-06-01,old,313.57235799999995,7645.126868000002,1100.26442,35750.3122,,,,,9276.3674,263783.246,,,,,,,
2017-07-01,old,319.364648,7710.219288000002,1113.75512,34214.5921,,,,,9651.69762,262207.1607,,,,,,,
2017-08-01,old,325.252148,7778.394298000002,1159.85835,36603.3304,,,,,9860.32912,270961.1023,,,,,,,
2017-09-01,old,332.221798,7867.336728000002,1132.86775,37776.105,,,,,9927.78673,278886.0684,,,,,,,
2017-10-01,old,337.49978799999997,7932.255358000002,1240.43614,42259.991,,,,,10218.70737,294461.4036,,,,,,,
2017-11-01,old,346.551408,7998.591598000003,1165.8753,39616.6,,,,,10022.96886,285791.468,,,,,,,
2017-12-01,old,353.75737799999996,8094.419968000002,1244.82521,42197.7305,,,,,10543.19993,304799.2159,,,,,,,
2018-01-01,old,361.177758,8136.682998000002,1307.25181,41778.0449,,,,,10429.39253,296124.362,,,,,,,
2018-02-01,old,368.14908799999995,8224.161748000002,1154.42603,37981.3654,,,,,10002.84078,284523.7905,,,,,,,
2018-03-01,old,373.644908,8280.468058000002,1280.77981,44677.4008,,,,,10938.42969,308206.8938,,,,,,,
2018-04-01,old,376.62411799999995,8733.275868000002,1330.45787,45176.5883,,,,,10927.0469,310254.203,,,,,,,
2018-05-01,old,384.84165799999994,8909.328058000003,1390.39268,47634.7851,,,,,11001.6628,311559.165,,,,,,,
2018-06-01,old,392.602828,9112.448058000002,1367.25242,46632.7165,,,,,11115.3309,315997.85,,,,,,,
2018-07-01,old,400.45548799999995,9289.708058000002,1458.10422,48134.8472,,,,,11491.111,316682.169,,,,,,,
2018-08-01,old,409.20627799999994,9471.680938000001,1450.4082,48372.135,,,,,11626.9427,324948.07,,,,,,,
2018-09-01,old,416.55335799999995,9494.199368000001,1390.30687,46478.5977,,,,,11610.8633,314860.722,,,,,,,
2018-10-01,old,425.547358,9640.765058000003,1619.7307,56601.7315,,,,,12622.4321,347585.113,,,,,,,
2018-11-01,old,431.14935799999995,9595.338058000001,1466.46407,51997.4039,,,,,12159.6192,331811.379,,,,,,,
2018-12-01,old,440.93335799999994,9251.208058000002,1592.17121,54643.1772,,,,,13009.9549,366922.71,,,,,,,
2019-01-01,old,450.50535799999994,8903.663498000002,1604.28967,55346.0066,,,,,12540.1283,316692.427,,,,,,,
2019-02-01,old,459.41135799999995,8979.152248000002,1421.28778,48866.2016,,,,,11643.9693,304939.636,,,,,,,
2019-03-01,old,469.681358,8727.839678000002,1632.74155,58062.1414,,,,,12989.8941,342010.363,,,,,,,
2019-04-01,old,478.763358,8272.655288000002,1677.85442,58115.6931,,,,,12219.8935,339747.206,,,,,,,
2019-05-01,old,488.00337799999994,7674.078788000002,1740.42606,61699.7857,,,,,12282.411,352713.56,,,,,,,
2019-06-01,old,495.27638799999994,7789.1533880000015,1640.45532,57316.7778,,,,,12126.1948,340856.181,,,,,,,
2019-07-01,old,501.434468,7823.565298000002,1792.82148,60025.2568,,,,,12416.5538,340677.821,,,,,,,
2019-08-01,old,516.450248,7931.011748000003,1804.30796,60010.9238,,,,,12436.2756,345525.104,,,,,,,
2019-09-01,old,524.692548,8025.646538000003,1802.88189,59845.3181,,,,,12089.5515,329504.711,,,,,,,
2019-10-01,old,532.381768,8105.9304280000015,2036.00032,71552.1779,,,,,13140.4329,385758.407,,,,,,,
2019-11-01,new,544.10765,8307.5859,1762.12447,60130.24837699,1033.5223,31729.63376109,728.60217,28400.6146159,4180.83816511,58208.68566903,2483.17672539,37007.35729907,1697.66143972,21201.32836996,41.28351,,15.94438
2019-12-01,new,553.32847,8053.24206,2036.63822,65735.760462,1181.08671,35157.2315957,855.55151,30578.5288663,4448.7488,62752.44962681,2634.17604,39739.50801621,1814.57276,23012.9416106,42.48777,,17.13447
2020-01-01,new,561.20245,8164.1,2017.27299,66572.86103046,1160.35476,35123.61572489,856.91823,31449.24530557,4500.84588,62871.18627824,2587.37895078,38907.1070191,1913.46692922,23964.07925914,42.91612,,17.78891
2020-02-01,new,571.5809,8230.22953,1882.94,62147.0,1072.5,33446.0,810.44,28701.0,4245.74409,58560.85213342,2455.91592,36258.41924645,1789.82817,22302.43288697,43.70702,,18.96435
2020-03-01,new,577.45105,8285.61639,1638.57148,50574.15084107,900.63829,26655.6597353,737.93319,23918.49110577,3608.1258,48208.95079193,1925.24911147,27237.81993922,1682.87668853,20971.13085271,44.33973,,20.28
2020-04-01,new,573.60145,8294.46698,768.53233,20764.7694992,283.25878,8051.86761011,485.27355,12712.90188909,2053.66204,23250.48256785,676.32211859,9005.38529518,1377.33992141,14245.09727267,43.91388,,20.19
2020-05-01,new,571.79899,8353.4912,1028.86387,32225.02203987,432.30148,13469.56014657,596.56239,18755.4618933,2658.81667,37983.79281136,1121.14733694,18814.23961859,1537.66933306,19169.55319277,43.22169,,20.59417
2020-06-01,new,572.89033,8454.14384,1248.54866,42772.82635118,588.57604,19293.42026081,659.97262,23479.40609037,3002.33734,47711.04166959,1475.38458,25788.33316726,1526.95276,21922.70850233,43.2583,,21.51421
2020-07-01,new,576.32047,8523.55001,1319.66372,45558.01705071,601.62907,20106.99569427,718.03465,25451.02135644,3161.93045,50324.95929037,1461.94364386,25821.39281132,1699.98680614,24503.56647905,43.57123,,22.36878
2020-08-01,new,578.30597,8553.72729,1425.10546,50311.00028764,659.46914,21001.14612,765.63632,29309.85416764,3389.42109,54770.06691859,1647.46749038,29524.71790859,1741.95359962,25245.34901,43.5518,,22.99411
2020-09-01,new,586.94212,8654.35,1486.70569,51133.75013293,713.37216,21985.60348517,773.33353,29148.14664776,3507.81077,55366.35376428,1758.83403996,30421.89489569,1748.97673004,24944.45886859,44.23465,604.07061,22.99
2020-10-01,new,594.19834,8741.65072,1718.03116,64651.53130129,818.33411,26955.5185132,899.69705,37696.01278809,3932.66485,69140.96481503,1983.98190807,37109.95604878,1948.68294193,32031.00876625,45.81333,657.45,26.05
2020-11-01,new,601.13014,8927.0201,1662.57534,62349.76143805,874.81633,30494.73750005,787.75901,31855.023938,3765.74526,67888.78782897,2112.56301,42288.79636352,1653.18225,25599.99146545,45.7674,697.81998,30.4565
2020-12-01,new,603.97,8856.6,1737.79292,63486.52313925,914.20241,28960.74930146,823.59051,34525.77383779,3765.08868,65178.31742936,2165.4984976,39436.81793799,1599.5901824,25741.49949137,45.85005,752.30876,31.99878
2021-01-01,new,610.98,8880.65,1744.2,64737.09,926.09,29409.1,818.11,35327.99,3699.54322,63157.13396262,2132.36734341,39188.59384236,1567.17587659,23968.54012026,46.54521,805.89199,33.60228
2021-02-01,new,616.47183,8940.01925,1613.77459,60104.54440012,863.90527,27754.2245536,749.86932,32350.31984652,3445.46487,59226.6709259,2008.86753,37414.05943044,1436.59734,21812.61149546,47.14916,875.85685,34.92106
2021-03-01,new,620.49087,8982.01796,1887.27091,72318.81689733,1012.859975,33285.75638103,874.410935,39033.0605163,3763.05309,67386.40763227,2229.11810099,42816.12377713,1533.93498901,24570.28385513,47.20077,925.21682,35.6989
2021-04-01,new,622.6042,9005.0,1575.31597,59049.12310267,782.313625,26313.75111021,793.002345,32735.37199246,3213.23241,56183.10469861,1794.3718745,35620.94017607,1418.8605355,20562.16452254,45.24724,978.18719,40.28012
2021-05-01,new,623.93434,9019.71,1344.73103,52013.86915717,509.45797,18477.24352173,835.27306,33536.62563545,2556.59647,43225.10196446,1127.83623573,22195.40308705,1428.76023427,21029.69887741,45.20278,990.22,40.22
2021-06-01,new,628.15482,9056.31,1547.00942,62746.02123833,690.3955525,23977.02172687,856.6138675,38768.99951146,2946.74079,51043.57134184,1505.09483533,28743.27857886,1441.64595467,22300.29276298,45.93265,1026.76,40.83
2021-07-01,new,634.14463,9056.29,1820.48822,74884.76330914,900.27492,30498.08364653,920.2133,44386.67966261,3405.36735,61087.4380805,1901.64015574,36763.74604171,1503.72719426,24323.69203879,46.07703,1078.8,42.51
2021-08-01,new,639.34371,9132.63,1904.70608,77733.01653802,984.62112,32968.88574771,920.08496,44764.13079031,3588.29212,64866.74505667,2119.63421,41177.13723016,1468.65791,23689.60782651,48.16066,1142.06,43.52
2021-09-01,new,650.25075,9193.84,1847.20792,80227.75376321,961.5282,31742.89954347,885.67972,48484.85421974,3490.29003,62589.0509137,2052.99833,38590.99438216,1437.2917,23998.05653155,49.76716,1205.19,43.74
2021-10-01,new,663.60808,9328.34,2155.81179,100942.7795994,1075.23052,38442.36892382,1080.58127,62500.41067557,3852.94885,76470.50990515,2302.5569,47225.61282101,1550.39195,29244.89708414,51.55025,1285.05,44.35
2021-11-01,new,675.83,9340.07,2011.16,89216.84,1068.93,37498.79,942.23,51718.05,3407.0169,67109.35819605,2112.04967,43751.33627772,1294.96723,23358.02191834,52.92,1373.33,45.4137
2021-12-01,new,689.48699,9377.41694,2112.58709,93907.23136164,1093.48252,36712.64780956,1019.10457,57194.58355208,3499.21321,66491.0344739,2202.50704786,43062.29520483,1296.70616214,23428.73926908,54.98311,1440.10245,46.47262
2022-01-01,new,702.52069,9409.28583,1958.05371,87768.51808096,960.62693,32734.97282913,997.42678,55033.54525183,3192.99517,60025.35902463,1924.51456166,37273.61552162,1268.48060834,22751.74350302,56.19986,1521.05167,46.966
2022-02-01,new,717.07614,9350.65914,1884.23984,86041.03045858,963.40083,32499.80118272,920.83901,53541.22927586,2956.22576,57070.11748324,1845.44517,36375.97164256,1110.78059,20694.14584068,58.3387,1600.19118,48.27104
2022-03-01,new,736.2733,9176.65707,2237.51212,107106.73616514,1134.33127,38776.94703684,1103.18085,68329.7891283,3275.18914,64051.86536402,2078.45477,40769.99610142,1196.73437,23281.8692626,60.70142,1727.33615,49.71779
2022-04-01,new,751.66069,9205.17551,2229.30163,105459.202747038,1152.8719125,39806.819645999,1076.4297175,65652.3831010389,3311.86797,65061.6729307542,2131.76926,43529.73807016,1180.09871,21531.9348605943,61.26144,1807.21191,40.90174
2022-05-01,new,768.7698,9176.2128,2378.03107,113693.594173188,1220.26225,42265.612566146,1157.76882,71427.981607042,3315.64775,65799.907473401,2150.28115,44272.54806258,1165.3666,21527.359410821,61.69175,1881.16325,41.38046
2022-06-01,new,787.22617,9154.51104,2279.45728,108751.633649997,1210.50714,40465.5133342157,1068.95014,68286.1203157812,3089.98653,60884.79270539,2012.27015,39870.5704502352,1077.71638,21014.2222551547,65.9089,1952.91415,42.80392
2022-07-01,new,802.55722,9281.34494,2348.33761,115855.731511351,1220.69302,41766.618954721,1127.64459,74089.1125566302,3133.46528,64514.961479738,2052.26473,41197.5861747208,1081.20055,23317.3753050172,68.19488,2013.0164,45.21093
2022-08-01,new,779.91469,9350.25959,2447.83112,112357.556157457,1330.53592,44943.165468875,1117.2952,67414.390688582,3033.46938,62158.655007326,2009.830455,40552.4363709887,1023.638925,21606.2186363373,70.57534,2092.54445,47.49103
2022-09-01,new,777.01744,9385.37898,2453.05576,122093.835733839,1311.62791,44968.780900956,1141.42785,77125.054832883,2899.37815,61203.914227416,1887.57942,38093.194040871,1011.79873,23110.720186545,70.35017,2164.29798,48.64347
2022-10-01,new,793.67754,9442.31664,2554.01954,129048.201890468,1400.50765,51183.4752365911,1153.51189,77864.726653877,2962.37803,66950.293638923,2045.27467,46016.483683469,917.10336,20933.809955454,72.11092,2253.22669,47.19014
2022-11-01,new,806.06319,9477.2888,2347.73323,114793.948504411,1275.99426,43455.99108623,1071.73897,71337.957418181,2608.28281,55593.676854854,1779.46232,37238.361909426,828.82049,18355.314945428,73.51681,2302.87297,48.24864
2022-12-01,new,811.86874,9394.65892,2556.46505,126523.68982179,1405.78775,48611.077181548,1150.6773,77912.612640242,2667.10247,58626.039558742,1859.32815,39573.764306007,807.77432,19052.275252735,75.50065,2361.81825,49.58536
2023-01-01,new,824.52029,9455.81088,2593.52054,127682.395559395,1409.18856,48934.071106869,1184.33198,78748.324452526,2510.09094,55777.952746862,1742.50574,37520.427242989,767.5852,18257.525503873,76.57412,2442.34238,50.57494
2023-02-01,new,833.65756,9541.21549,2323.20224,118684.323662248,1255.88235,44610.8351025749,1067.31989,74073.4885596733,2265.3106,49693.385490822,1581.94739,33432.21433702,683.36321,16261.171153802,77.58264,2500.89414,52.2233
2023-03-01,new,853.03238,9612.58764,2634.2898,137311.126904638,1404.59965,50920.2003091369,1229.69015,86390.926595501,2382.49573,53724.0158234,1652.34771,35222.228020457,730.14802,18501.787802943,77.89512,2563.7676,53.82044
2023-04-01,new,865.12698,9670.11806,2592.55046,132768.507199508,1408.2001,51624.4510704583,1184.35036,81144.0561290501,2295.38468,54627.3893523731,1633.95553,37646.9544341921,661.42915,16980.434918181,78.37235,2609.07677,54.35545
2023-05-01,new,877.47311,9739.26235,2734.74265,140659.599451197,1419.98076,50810.990191303,1314.76189,89848.609259893,2239.76702,52775.905592956,1592.87361,35588.781351593,646.89341,17187.124241363,79.60626,2667.57057,55.4543
2023-06-01,new,886.82356,9758.33131,2629.04944,137234.338880865,1378.70682,48854.0583962963,1250.34262,88380.2804845682,2102.23617,51049.346831379,1499.66109,33778.472539617,602.57508,17270.874291762,80.93909,2720.15427,56.88369
2023-07-01,new,898.73251,9707.40526,2780.8989,145108.320193648,1434.20966,49789.4278481443,1346.68924,95318.892345504,2101.31454,53313.132963137,1485.20969,33512.502870594,616.10485,19800.630092543,81.22659,2807.25218,58.05513
2023-08-01,new,912.78257,9780.56921,2905.77652,148602.00749765,1520.79075,52960.7048852363,1384.98577,95641.3026124141,2075.941,52679.668275703,1495.72454,34604.610196721,580.21646,18075.058078982,82.46614,2881.64224,58.99351
2023-09-01,new,930.17482,9782.86201,2739.42907,142319.550735162,1420.9553,49440.3619596385,1318.47377,92879.1887755231,1839.04344,46866.438599953,1326.08592,30511.730699922,513.25557,16354.707900031,83.03183,2950.05751,59.81788
2023-10-01,new,947.10817,9801.70746,3200.47713,178569.12678359,1596.74344,57774.35478377,1603.73369,120794.77199982,1904.23479,52101.140902639,1375.2848,33730.825654672,528.94999,18370.315247967,83.48085,3017.20198,59.74796
2023-11-01,new,960.01382,9764.98674,2970.89633,160643.965881132,1583.65586,59014.931642955,1387.24047,101629.034238178,1771.65904,49394.151362115,1301.94738,34379.1944995579,469.71166,15014.9568625569,84.32188,3087.38854,58.74077
2023-12-01,new,979.04611,9608.80694,3214.99532,165119.23511003,1706.7044,58300.1774819794,1508.29092,106819.057628051,1768.1564,47934.519404203,1301.59292,32225.349263098,466.56348,15709.17014,85.67404,3170.65667,59.56884
2024-01-01,new,995.00257,9575.65545,3289.51519,166443.933666586,1725.58618,58531.7660757714,1563.92901,107912.167590815,1644.6753,45486.573532701,1193.17514,30383.407036521,451.50016,15103.16649618,85.93226,3213.79274,60.03737
2024-02-01,new,1006.00166,9606.70824,3112.44411,149206.370366302,1618.50185,54431.4785559879,1493.94226,94774.891810314,1522.47458,41452.0718799601,1108.96022,27918.0822914721,413.51436,13533.989588488,87.73202,3371.8026,61.49634
2024-03-01,new,1018.02736,9649.19399,3439.37776,164459.076558307,1800.04266,60378.1571672839,1639.3351,104080.919391023,1594.7514,44748.947392683,1163.77339,29309.005661081,430.97801,15439.941731602,89.02926,3434.92584,62.50196
2024-04-01,new,1025.39752,9509.44926,3441.50699,156498.377889571,1843.35568,61982.0115776757,1598.15131,94516.3663118952,1518.61472,43911.091896934,1126.31252,30022.206600562,392.3022,13888.885296372,88.38746,5597.20407,60.7278
2024-05-01,new,1033.00377,9565.98286,3601.35663,164955.263747157,1906.57554,63831.1655839735,1694.78109,101124.098163184,1503.81627,43564.966516437,1114.34556,29771.712575563,389.47071,13793.253940874,88.04112,5690.84478,61.20597
2024-06-01,new,1038.13018,9624.2399,3579.49455,158822.101380227,1895.39729,59417.1881498668,1684.09726,99404.9132303602,1423.93548,41258.8625352084,1063.57519,27629.4974162604,360.36029,13629.365118948,89.66994,5770.15207,61.64285
2024-07-01,new,1045.68437,9632.02289,3837.79537,172670.20552073,1970.93825,62284.0861731266,1866.85712,110386.119347604,1456.55829,44764.66719203,1068.57603,28599.756239621,387.98226,16164.910952409,89.71653,5851.13612,61.86837
2024-08-01,new,1054.24368,9685.49216,3900.49324,168184.192640946,2023.95092,63048.056691401,1876.54232,105136.135949545,1422.44889,43541.834490858,1061.39893,29345.6045991151,361.04996,14196.229891743,93.00689,5912.92586,63.97044
2024-09-01,new,1061.03318,9732.81885,3921.62365,176202.05391173,1978.05269,60857.091271911,1943.57096,115344.962639819,1353.64044,40101.507873759,995.04958,25776.904689455,358.59086,14324.603184304,93.42792,6070.78667,64.16121
2024-10-01,new,1068.89655,9809.10678,4332.13786,201788.905015753,2196.72648,79292.80790197,2135.41138,122496.097113783,1427.17406,46829.751251559,1060.16989,32091.39546909,367.00417,14738.355782469,95.09265,6168.51592,64.31243
2024-11-01,new,1072.3971,9795.71767,3936.03746,169298.163539865,2036.02021,68233.4313673451,1900.01725,101064.73217252,1231.88968,39010.006927943,916.24242,26676.679767928,315.64726,12333.327160015,96.90872,6261.79913,63.59691
2024-12-01,new,1080.55905,9909.48054,4328.49503,187949.421330207,2240.03238,73048.3766374841,2088.46265,114901.044692723,1280.09805,40598.847723371,964.50208,27608.969836413,315.59597,12989.877886958,100.00549,6335.29503,63.82626
2025-01-01,new,1088.73184,9820.39277,4305.72385,184126.165173634,2177.43317,69429.4042210711,2128.29068,114696.760952563,1216.69427,38963.364902577,910.91391,25998.796217372,305.78036,12964.568685205,103.5273,6401.64702,64.43092
2025-02-01,new,1093.15356,9856.76745,3969.5909,167207.96449526,1999.95593,62124.913088089,1969.63497,105083.051407171,1082.49702,34314.043555164,803.42355,23216.21719754,279.07347,11097.826357624,107.17514,6496.9128,65.48149
2025-03-01,new,1098.84686,9908.12421,4586.50423,201493.898499799,2302.66329,71473.0077171602,2283.84094,130020.890782639,1203.01951,39054.681669209,895.81561,25818.039594479,307.2039,13236.64207473,110.98051,6579.29517,67.18039
2025-04-01,new,1104.37069,9959.83731,4502.70226,184237.408605768,2281.40764,67899.292528061,2221.29462,116338.116077707,1170.93484,38113.116037067,875.30236,26187.488881365,295.63248,11925.627155702,112.83266,6623.84943,66.63778
2025-05-01,new,1110.49553,10003.69817,4676.93491,189831.642827561,2359.14154,69607.416048352,2317.79337,120224.226779209,1150.46827,36978.432588403,861.56629,24735.438078033,288.90198,12242.99451037,115.81161,6697.29906,66.42075
2025-06-01,new,1109.69493,10051.80283,4587.10133,183088.135537434,2338.69565,67467.788721284,2248.40568,115620.34681615,1085.72071,35463.4122775409,812.89624,23079.2378887729,272.82447,12384.174388768,117.82954,6781.60811,66.99048
2025-07-01,new,1118.07972,10127.27337,4861.81121,193849.415862779,2432.75291,70380.311323047,2429.0583,123469.104539732,1120.6097,38137.506913987,832.19175,23921.190106991,288.41795,14216.316806996,119.1308,6880.30939,66.41351
2025-08-01,new,1124.95592,10180.4245,4935.77176,191169.899264653,2501.62542,72753.323045282,2434.14634,118416.576219371,1120.80272,37406.310724843,843.59478,24662.817712947,277.20794,12743.493011896,119.64613,6977.47231,65.73082
2025-09-01,new,1135.0724,10248.0879,4952.40648,216706.990765325,2416.14615,72543.899795661,2536.26033,144163.090969664,1047.39031,36775.699078462,777.5583,22772.675910043,269.83201,14003.023168419,121.16102,7089.7474,60.70528
2025-10-01,new,1141.33565,10271.50225,5182.89549,214230.300951663,2609.41537,88356.995835162,2573.48012,125873.305116501,1096.24575,42143.012379736,828.78827,29103.529300946,267.45748,13039.48307879,123.08241,7174.33868,60.47707
2025-11-01,new,1150.01607,10317.03169,5029.84178,188799.009889649,2538.3965,75639.866788299,2491.44528,113159.14310135,1012.11314,34143.386568867,763.31463,22754.123268064,248.79851,11389.263300803,112.53425,7281.995555,59.52557
2025-12-01,new,1157.91713,10343.45867,5398.34125,204686.606452167,2726.31988,78476.483853981,2672.02137,126210.122598186,1049.2403,37274.380087198,794.35329,24599.096175711,254.88701,12675.283911487,114.74672,7313.65285,58.9022
2026-01-01,new,1166.52407,10377.5696,5397.11275,199084.866031139,2674.94799,75987.8304220701,2722.16476,123097.035609069,1018.29499,37956.691164684,773.19529,25513.017889031,245.0997,12443.673275653,115.4521,7383.8038,58.43742
2026-02-01,new,1177.045,10417.667,4937.955,177291.983,2434.003,67435.405,2503.952,109856.578,917.122,33134.625,689.766,21861.8,227.356,11272.825,116.649,7542.037,58.974
2026-03-01,monthly,1186.33677,10447.55973,5774.76495,219494.69084700022,2840.35391,78470.45418646403,2934.41104,141024.23666053617,1013.1741299999999,37948.39137556698,749.32391,24346.450750784996,263.85022,13601.940624781979,117.69361,7612.17394,56.33027
2026-04-01,monthly,1194.36129,10233.91739,5596.14645,197304.60329153592,2755.8397,73848.84941526702,2840.30675,123455.7538762689,978.84601,36976.782504439994,721.47922,24343.436575811014,257.36679,12633.345928628982,114.46998,7708.11461,56.16038
